strategy_idx,strategy_name,trades,trades_per_day,win_rate,total_return,annual_return,avg_return,avg_return_bps,avg_bars_held,sr_period,min_touches,bounce_threshold,target_threshold
0,SPY_compiled_strategy_0,307,1.0032679738562091,0.40716612377850164,-0.04389482856869498,-0.052168736944249505,-0.00014571971902127123,-1.4571971902127123,2.2768729641693812,15.0,3.0,0.003,0.0035
1,SPY_compiled_strategy_1,253,0.826797385620915,0.4031620553359684,-0.04659808555372358,-0.055366619491917235,-0.0001880749343896589,-1.880749343896589,2.343873517786561,15.0,3.0,0.003,0.0038
2,SPY_compiled_strategy_2,222,0.7254901960784313,0.4009009009009009,-0.04228897995160219,-0.050268230513803136,-0.00019407449681231855,-1.9407449681231854,2.3603603603603602,15.0,3.0,0.003,0.004
3,SPY_compiled_strategy_3,193,0.630718954248366,0.37823834196891193,-0.035182817298437974,-0.041850758756308726,-0.00018511295598130882,-1.8511295598130881,2.471502590673575,15.0,3.0,0.003,0.0042
4,SPY_compiled_strategy_4,173,0.565359477124183,0.3583815028901734,-0.03431723945095355,-0.04082463256680213,-0.0002013616826958987,-2.013616826958987,2.4277456647398843,15.0,3.0,0.003,0.0045
5,SPY_compiled_strategy_5,308,1.0065359477124183,0.4090909090909091,-0.043033879954140986,-0.05114988930870845,-0.00014232298356470671,-1.4232298356470672,2.272727272727273,15.0,3.0,0.0035,0.0035
6,SPY_compiled_strategy_6,253,0.826797385620915,0.4031620553359684,-0.04659808555372358,-0.055366619491917235,-0.0001880749343896589,-1.880749343896589,2.343873517786561,15.0,3.0,0.0035,0.0038
7,SPY_compiled_strategy_7,222,0.7254901960784313,0.4009009009009009,-0.04228897995160219,-0.050268230513803136,-0.00019407449681231855,-1.9407449681231854,2.3603603603603602,15.0,3.0,0.0035,0.004
8,SPY_compiled_strategy_8,193,0.630718954248366,0.37823834196891193,-0.035182817298437974,-0.041850758756308726,-0.00018511295598130882,-1.8511295598130881,2.471502590673575,15.0,3.0,0.0035,0.0042
9,SPY_compiled_strategy_9,173,0.565359477124183,0.3583815028901734,-0.03431723945095355,-0.04082463256680213,-0.0002013616826958987,-2.013616826958987,2.4277456647398843,15.0,3.0,0.0035,0.0045
10,SPY_compiled_strategy_10,308,1.0065359477124183,0.4090909090909091,-0.043033879954140986,-0.05114988930870845,-0.00014232298356470671,-1.4232298356470672,2.272727272727273,15.0,3.0,0.004,0.0035
11,SPY_compiled_strategy_11,253,0.826797385620915,0.4031620553359684,-0.04659808555372358,-0.055366619491917235,-0.0001880749343896589,-1.880749343896589,2.343873517786561,15.0,3.0,0.004,0.0038
12,SPY_compiled_strategy_12,222,0.7254901960784313,0.4009009009009009,-0.04228897995160219,-0.050268230513803136,-0.00019407449681231855,-1.9407449681231854,2.3603603603603602,15.0,3.0,0.004,0.004
13,SPY_compiled_strategy_13,193,0.630718954248366,0.37823834196891193,-0.035182817298437974,-0.041850758756308726,-0.00018511295598130882,-1.8511295598130881,2.471502590673575,15.0,3.0,0.004,0.0042
14,SPY_compiled_strategy_14,173,0.565359477124183,0.3583815028901734,-0.03431723945095355,-0.04082463256680213,-0.0002013616826958987,-2.013616826958987,2.4277456647398843,15.0,3.0,0.004,0.0045
15,SPY_compiled_strategy_15,309,1.0098039215686274,0.4110032362459547,-0.04131616443023678,-0.04911661245784493,-0.00013605346064104716,-1.3605346064104717,2.2686084142394822,15.0,3.0,0.0045,0.0035
16,SPY_compiled_strategy_16,254,0.8300653594771242,0.40551181102362205,-0.04488676763487787,-0.053342378609720686,-0.0001802677118139276,-1.8026771181392762,2.338582677165354,15.0,3.0,0.0045,0.0038
17,SPY_compiled_strategy_17,223,0.7287581699346405,0.40358744394618834,-0.04056992736228904,-0.04823306436936625,-0.00018515506140129426,-1.8515506140129425,2.3542600896860986,15.0,3.0,0.0045,0.004
18,SPY_compiled_strategy_18,194,0.6339869281045751,0.38144329896907214,-0.033451009434250834,-0.039797554936293444,-0.00017490639641518825,-1.7490639641518826,2.463917525773196,15.0,3.0,0.0045,0.0042
19,SPY_compiled_strategy_19,174,0.5686274509803921,0.3620689655172414,-0.032583877909500014,-0.038769229876171485,-0.00018988857187669187,-1.8988857187669188,2.4195402298850577,15.0,3.0,0.0045,0.0045
20,SPY_compiled_strategy_20,307,1.0032679738562091,0.40716612377850164,-0.04389482856869498,-0.052168736944249505,-0.00014571971902127123,-1.4571971902127123,2.2768729641693812,15.0,4.0,0.003,0.0035
21,SPY_compiled_strategy_21,253,0.826797385620915,0.4031620553359684,-0.04659808555372358,-0.055366619491917235,-0.0001880749343896589,-1.880749343896589,2.343873517786561,15.0,4.0,0.003,0.0038
22,SPY_compiled_strategy_22,222,0.7254901960784313,0.4009009009009009,-0.04228897995160219,-0.050268230513803136,-0.00019407449681231855,-1.9407449681231854,2.3603603603603602,15.0,4.0,0.003,0.004
23,SPY_compiled_strategy_23,193,0.630718954248366,0.37823834196891193,-0.035182817298437974,-0.041850758756308726,-0.00018511295598130882,-1.8511295598130881,2.471502590673575,15.0,4.0,0.003,0.0042
24,SPY_compiled_strategy_24,173,0.565359477124183,0.3583815028901734,-0.03431723945095355,-0.04082463256680213,-0.0002013616826958987,-2.013616826958987,2.4277456647398843,15.0,4.0,0.003,0.0045
25,SPY_compiled_strategy_25,308,1.0065359477124183,0.4090909090909091,-0.043033879954140986,-0.05114988930870845,-0.00014232298356470671,-1.4232298356470672,2.272727272727273,15.0,4.0,0.0035,0.0035
26,SPY_compiled_strategy_26,253,0.826797385620915,0.4031620553359684,-0.04659808555372358,-0.055366619491917235,-0.0001880749343896589,-1.880749343896589,2.343873517786561,15.0,4.0,0.0035,0.0038
27,SPY_compiled_strategy_27,222,0.7254901960784313,0.4009009009009009,-0.04228897995160219,-0.050268230513803136,-0.00019407449681231855,-1.9407449681231854,2.3603603603603602,15.0,4.0,0.0035,0.004
28,SPY_compiled_strategy_28,193,0.630718954248366,0.37823834196891193,-0.035182817298437974,-0.041850758756308726,-0.00018511295598130882,-1.8511295598130881,2.471502590673575,15.0,4.0,0.0035,0.0042
29,SPY_compiled_strategy_29,173,0.565359477124183,0.3583815028901734,-0.03431723945095355,-0.04082463256680213,-0.0002013616826958987,-2.013616826958987,2.4277456647398843,15.0,4.0,0.0035,0.0045
30,SPY_compiled_strategy_30,308,1.0065359477124183,0.4090909090909091,-0.043033879954140986,-0.05114988930870845,-0.00014232298356470671,-1.4232298356470672,2.272727272727273,15.0,4.0,0.004,0.0035
31,SPY_compiled_strategy_31,253,0.826797385620915,0.4031620553359684,-0.04659808555372358,-0.055366619491917235,-0.0001880749343896589,-1.880749343896589,2.343873517786561,15.0,4.0,0.004,0.0038
32,SPY_compiled_strategy_32,222,0.7254901960784313,0.4009009009009009,-0.04228897995160219,-0.050268230513803136,-0.00019407449681231855,-1.9407449681231854,2.3603603603603602,15.0,4.0,0.004,0.004
33,SPY_compiled_strategy_33,193,0.630718954248366,0.37823834196891193,-0.035182817298437974,-0.041850758756308726,-0.00018511295598130882,-1.8511295598130881,2.471502590673575,15.0,4.0,0.004,0.0042
34,SPY_compiled_strategy_34,173,0.565359477124183,0.3583815028901734,-0.03431723945095355,-0.04082463256680213,-0.0002013616826958987,-2.013616826958987,2.4277456647398843,15.0,4.0,0.004,0.0045
35,SPY_compiled_strategy_35,309,1.0098039215686274,0.4110032362459547,-0.04131616443023678,-0.04911661245784493,-0.00013605346064104716,-1.3605346064104717,2.2686084142394822,15.0,4.0,0.0045,0.0035
36,SPY_compiled_strategy_36,254,0.8300653594771242,0.40551181102362205,-0.04488676763487787,-0.053342378609720686,-0.0001802677118139276,-1.8026771181392762,2.338582677165354,15.0,4.0,0.0045,0.0038
37,SPY_compiled_strategy_37,223,0.7287581699346405,0.40358744394618834,-0.04056992736228904,-0.04823306436936625,-0.00018515506140129426,-1.8515506140129425,2.3542600896860986,15.0,4.0,0.0045,0.004
38,SPY_compiled_strategy_38,194,0.6339869281045751,0.38144329896907214,-0.033451009434250834,-0.039797554936293444,-0.00017490639641518825,-1.7490639641518826,2.463917525773196,15.0,4.0,0.0045,0.0042
39,SPY_compiled_strategy_39,174,0.5686274509803921,0.3620689655172414,-0.032583877909500014,-0.038769229876171485,-0.00018988857187669187,-1.8988857187669188,2.4195402298850577,15.0,4.0,0.0045,0.0045
40,SPY_compiled_strategy_40,307,1.0032679738562091,0.40716612377850164,-0.04389482856869498,-0.052168736944249505,-0.00014571971902127123,-1.4571971902127123,2.2768729641693812,15.0,5.0,0.003,0.0035
41,SPY_compiled_strategy_41,253,0.826797385620915,0.4031620553359684,-0.04659808555372358,-0.055366619491917235,-0.0001880749343896589,-1.880749343896589,2.343873517786561,15.0,5.0,0.003,0.0038
42,SPY_compiled_strategy_42,222,0.7254901960784313,0.4009009009009009,-0.04228897995160219,-0.050268230513803136,-0.00019407449681231855,-1.9407449681231854,2.3603603603603602,15.0,5.0,0.003,0.004
43,SPY_compiled_strategy_43,193,0.630718954248366,0.37823834196891193,-0.035182817298437974,-0.041850758756308726,-0.00018511295598130882,-1.8511295598130881,2.471502590673575,15.0,5.0,0.003,0.0042
44,SPY_compiled_strategy_44,173,0.565359477124183,0.3583815028901734,-0.03431723945095355,-0.04082463256680213,-0.0002013616826958987,-2.013616826958987,2.4277456647398843,15.0,5.0,0.003,0.0045
45,SPY_compiled_strategy_45,308,1.0065359477124183,0.4090909090909091,-0.043033879954140986,-0.05114988930870845,-0.00014232298356470671,-1.4232298356470672,2.272727272727273,15.0,5.0,0.0035,0.0035
46,SPY_compiled_strategy_46,253,0.826797385620915,0.4031620553359684,-0.04659808555372358,-0.055366619491917235,-0.0001880749343896589,-1.880749343896589,2.343873517786561,15.0,5.0,0.0035,0.0038
47,SPY_compiled_strategy_47,222,0.7254901960784313,0.4009009009009009,-0.04228897995160219,-0.050268230513803136,-0.00019407449681231855,-1.9407449681231854,2.3603603603603602,15.0,5.0,0.0035,0.004
48,SPY_compiled_strategy_48,193,0.630718954248366,0.37823834196891193,-0.035182817298437974,-0.041850758756308726,-0.00018511295598130882,-1.8511295598130881,2.471502590673575,15.0,5.0,0.0035,0.0042
49,SPY_compiled_strategy_49,173,0.565359477124183,0.3583815028901734,-0.03431723945095355,-0.04082463256680213,-0.0002013616826958987,-2.013616826958987,2.4277456647398843,15.0,5.0,0.0035,0.0045
50,SPY_compiled_strategy_50,308,1.0065359477124183,0.4090909090909091,-0.043033879954140986,-0.05114988930870845,-0.00014232298356470671,-1.4232298356470672,2.272727272727273,15.0,5.0,0.004,0.0035
51,SPY_compiled_strategy_51,253,0.826797385620915,0.4031620553359684,-0.04659808555372358,-0.055366619491917235,-0.0001880749343896589,-1.880749343896589,2.343873517786561,15.0,5.0,0.004,0.0038
52,SPY_compiled_strategy_52,222,0.7254901960784313,0.4009009009009009,-0.04228897995160219,-0.050268230513803136,-0.00019407449681231855,-1.9407449681231854,2.3603603603603602,15.0,5.0,0.004,0.004
53,SPY_compiled_strategy_53,193,0.630718954248366,0.37823834196891193,-0.035182817298437974,-0.041850758756308726,-0.00018511295598130882,-1.8511295598130881,2.471502590673575,15.0,5.0,0.004,0.0042
54,SPY_compiled_strategy_54,173,0.565359477124183,0.3583815028901734,-0.03431723945095355,-0.04082463256680213,-0.0002013616826958987,-2.013616826958987,2.4277456647398843,15.0,5.0,0.004,0.0045
55,SPY_compiled_strategy_55,309,1.0098039215686274,0.4110032362459547,-0.04131616443023678,-0.04911661245784493,-0.00013605346064104716,-1.3605346064104717,2.2686084142394822,15.0,5.0,0.0045,0.0035
56,SPY_compiled_strategy_56,254,0.8300653594771242,0.40551181102362205,-0.04488676763487787,-0.053342378609720686,-0.0001802677118139276,-1.8026771181392762,2.338582677165354,15.0,5.0,0.0045,0.0038
57,SPY_compiled_strategy_57,223,0.7287581699346405,0.40358744394618834,-0.04056992736228904,-0.04823306436936625,-0.00018515506140129426,-1.8515506140129425,2.3542600896860986,15.0,5.0,0.0045,0.004
58,SPY_compiled_strategy_58,194,0.6339869281045751,0.38144329896907214,-0.033451009434250834,-0.039797554936293444,-0.00017490639641518825,-1.7490639641518826,2.463917525773196,15.0,5.0,0.0045,0.0042
59,SPY_compiled_strategy_59,174,0.5686274509803921,0.3620689655172414,-0.032583877909500014,-0.038769229876171485,-0.00018988857187669187,-1.8988857187669188,2.4195402298850577,15.0,5.0,0.0045,0.0045
60,SPY_compiled_strategy_60,307,1.0032679738562091,0.40716612377850164,-0.04389482856869498,-0.052168736944249505,-0.00014571971902127123,-1.4571971902127123,2.2768729641693812,20.0,3.0,0.003,0.0035
61,SPY_compiled_strategy_61,253,0.826797385620915,0.4031620553359684,-0.04659808555372358,-0.055366619491917235,-0.0001880749343896589,-1.880749343896589,2.343873517786561,20.0,3.0,0.003,0.0038
62,SPY_compiled_strategy_62,222,0.7254901960784313,0.4009009009009009,-0.04228897995160219,-0.050268230513803136,-0.00019407449681231855,-1.9407449681231854,2.3603603603603602,20.0,3.0,0.003,0.004
63,SPY_compiled_strategy_63,193,0.630718954248366,0.37823834196891193,-0.035182817298437974,-0.041850758756308726,-0.00018511295598130882,-1.8511295598130881,2.471502590673575,20.0,3.0,0.003,0.0042
64,SPY_compiled_strategy_64,173,0.565359477124183,0.3583815028901734,-0.03431723945095355,-0.04082463256680213,-0.0002013616826958987,-2.013616826958987,2.4277456647398843,20.0,3.0,0.003,0.0045
65,SPY_compiled_strategy_65,308,1.0065359477124183,0.4090909090909091,-0.043033879954140986,-0.05114988930870845,-0.00014232298356470671,-1.4232298356470672,2.272727272727273,20.0,3.0,0.0035,0.0035
66,SPY_compiled_strategy_66,253,0.826797385620915,0.4031620553359684,-0.04659808555372358,-0.055366619491917235,-0.0001880749343896589,-1.880749343896589,2.343873517786561,20.0,3.0,0.0035,0.0038
67,SPY_compiled_strategy_67,222,0.7254901960784313,0.4009009009009009,-0.04228897995160219,-0.050268230513803136,-0.00019407449681231855,-1.9407449681231854,2.3603603603603602,20.0,3.0,0.0035,0.004
68,SPY_compiled_strategy_68,193,0.630718954248366,0.37823834196891193,-0.035182817298437974,-0.041850758756308726,-0.00018511295598130882,-1.8511295598130881,2.471502590673575,20.0,3.0,0.0035,0.0042
69,SPY_compiled_strategy_69,173,0.565359477124183,0.3583815028901734,-0.03431723945095355,-0.04082463256680213,-0.0002013616826958987,-2.013616826958987,2.4277456647398843,20.0,3.0,0.0035,0.0045
70,SPY_compiled_strategy_70,308,1.0065359477124183,0.4090909090909091,-0.043033879954140986,-0.05114988930870845,-0.00014232298356470671,-1.4232298356470672,2.272727272727273,20.0,3.0,0.004,0.0035
71,SPY_compiled_strategy_71,253,0.826797385620915,0.4031620553359684,-0.04659808555372358,-0.055366619491917235,-0.0001880749343896589,-1.880749343896589,2.343873517786561,20.0,3.0,0.004,0.0038
72,SPY_compiled_strategy_72,222,0.7254901960784313,0.4009009009009009,-0.04228897995160219,-0.050268230513803136,-0.00019407449681231855,-1.9407449681231854,2.3603603603603602,20.0,3.0,0.004,0.004
73,SPY_compiled_strategy_73,193,0.630718954248366,0.37823834196891193,-0.035182817298437974,-0.041850758756308726,-0.00018511295598130882,-1.8511295598130881,2.471502590673575,20.0,3.0,0.004,0.0042
74,SPY_compiled_strategy_74,173,0.565359477124183,0.3583815028901734,-0.03431723945095355,-0.04082463256680213,-0.0002013616826958987,-2.013616826958987,2.4277456647398843,20.0,3.0,0.004,0.0045
75,SPY_compiled_strategy_75,309,1.0098039215686274,0.4110032362459547,-0.04131616443023678,-0.04911661245784493,-0.00013605346064104716,-1.3605346064104717,2.2686084142394822,20.0,3.0,0.0045,0.0035
76,SPY_compiled_strategy_76,254,0.8300653594771242,0.40551181102362205,-0.04488676763487787,-0.053342378609720686,-0.0001802677118139276,-1.8026771181392762,2.338582677165354,20.0,3.0,0.0045,0.0038
77,SPY_compiled_strategy_77,223,0.7287581699346405,0.40358744394618834,-0.04056992736228904,-0.04823306436936625,-0.00018515506140129426,-1.8515506140129425,2.3542600896860986,20.0,3.0,0.0045,0.004
78,SPY_compiled_strategy_78,194,0.6339869281045751,0.38144329896907214,-0.033451009434250834,-0.039797554936293444,-0.00017490639641518825,-1.7490639641518826,2.463917525773196,20.0,3.0,0.0045,0.0042
79,SPY_compiled_strategy_79,174,0.5686274509803921,0.3620689655172414,-0.032583877909500014,-0.038769229876171485,-0.00018988857187669187,-1.8988857187669188,2.4195402298850577,20.0,3.0,0.0045,0.0045
80,SPY_compiled_strategy_80,307,1.0032679738562091,0.40716612377850164,-0.04389482856869498,-0.052168736944249505,-0.00014571971902127123,-1.4571971902127123,2.2768729641693812,20.0,4.0,0.003,0.0035
81,SPY_compiled_strategy_81,253,0.826797385620915,0.4031620553359684,-0.04659808555372358,-0.055366619491917235,-0.0001880749343896589,-1.880749343896589,2.343873517786561,20.0,4.0,0.003,0.0038
82,SPY_compiled_strategy_82,222,0.7254901960784313,0.4009009009009009,-0.04228897995160219,-0.050268230513803136,-0.00019407449681231855,-1.9407449681231854,2.3603603603603602,20.0,4.0,0.003,0.004
83,SPY_compiled_strategy_83,193,0.630718954248366,0.37823834196891193,-0.035182817298437974,-0.041850758756308726,-0.00018511295598130882,-1.8511295598130881,2.471502590673575,20.0,4.0,0.003,0.0042
84,SPY_compiled_strategy_84,173,0.565359477124183,0.3583815028901734,-0.03431723945095355,-0.04082463256680213,-0.0002013616826958987,-2.013616826958987,2.4277456647398843,20.0,4.0,0.003,0.0045
85,SPY_compiled_strategy_85,308,1.0065359477124183,0.4090909090909091,-0.043033879954140986,-0.05114988930870845,-0.00014232298356470671,-1.4232298356470672,2.272727272727273,20.0,4.0,0.0035,0.0035
86,SPY_compiled_strategy_86,253,0.826797385620915,0.4031620553359684,-0.04659808555372358,-0.055366619491917235,-0.0001880749343896589,-1.880749343896589,2.343873517786561,20.0,4.0,0.0035,0.0038
87,SPY_compiled_strategy_87,222,0.7254901960784313,0.4009009009009009,-0.04228897995160219,-0.050268230513803136,-0.00019407449681231855,-1.9407449681231854,2.3603603603603602,20.0,4.0,0.0035,0.004
88,SPY_compiled_strategy_88,193,0.630718954248366,0.37823834196891193,-0.035182817298437974,-0.041850758756308726,-0.00018511295598130882,-1.8511295598130881,2.471502590673575,20.0,4.0,0.0035,0.0042
89,SPY_compiled_strategy_89,173,0.565359477124183,0.3583815028901734,-0.03431723945095355,-0.04082463256680213,-0.0002013616826958987,-2.013616826958987,2.4277456647398843,20.0,4.0,0.0035,0.0045
90,SPY_compiled_strategy_90,308,1.0065359477124183,0.4090909090909091,-0.043033879954140986,-0.05114988930870845,-0.00014232298356470671,-1.4232298356470672,2.272727272727273,20.0,4.0,0.004,0.0035
91,SPY_compiled_strategy_91,253,0.826797385620915,0.4031620553359684,-0.04659808555372358,-0.055366619491917235,-0.0001880749343896589,-1.880749343896589,2.343873517786561,20.0,4.0,0.004,0.0038
92,SPY_compiled_strategy_92,222,0.7254901960784313,0.4009009009009009,-0.04228897995160219,-0.050268230513803136,-0.00019407449681231855,-1.9407449681231854,2.3603603603603602,20.0,4.0,0.004,0.004
93,SPY_compiled_strategy_93,193,0.630718954248366,0.37823834196891193,-0.035182817298437974,-0.041850758756308726,-0.00018511295598130882,-1.8511295598130881,2.471502590673575,20.0,4.0,0.004,0.0042
94,SPY_compiled_strategy_94,173,0.565359477124183,0.3583815028901734,-0.03431723945095355,-0.04082463256680213,-0.0002013616826958987,-2.013616826958987,2.4277456647398843,20.0,4.0,0.004,0.0045
95,SPY_compiled_strategy_95,309,1.0098039215686274,0.4110032362459547,-0.04131616443023678,-0.04911661245784493,-0.00013605346064104716,-1.3605346064104717,2.2686084142394822,20.0,4.0,0.0045,0.0035
96,SPY_compiled_strategy_96,254,0.8300653594771242,0.40551181102362205,-0.04488676763487787,-0.053342378609720686,-0.0001802677118139276,-1.8026771181392762,2.338582677165354,20.0,4.0,0.0045,0.0038
97,SPY_compiled_strategy_97,223,0.7287581699346405,0.40358744394618834,-0.04056992736228904,-0.04823306436936625,-0.00018515506140129426,-1.8515506140129425,2.3542600896860986,20.0,4.0,0.0045,0.004
98,SPY_compiled_strategy_98,194,0.6339869281045751,0.38144329896907214,-0.033451009434250834,-0.039797554936293444,-0.00017490639641518825,-1.7490639641518826,2.463917525773196,20.0,4.0,0.0045,0.0042
99,SPY_compiled_strategy_99,174,0.5686274509803921,0.3620689655172414,-0.032583877909500014,-0.038769229876171485,-0.00018988857187669187,-1.8988857187669188,2.4195402298850577,20.0,4.0,0.0045,0.0045
100,SPY_compiled_strategy_100,307,1.0032679738562091,0.40716612377850164,-0.04389482856869498,-0.052168736944249505,-0.00014571971902127123,-1.4571971902127123,2.2768729641693812,20.0,5.0,0.003,0.0035
101,SPY_compiled_strategy_101,253,0.826797385620915,0.4031620553359684,-0.04659808555372358,-0.055366619491917235,-0.0001880749343896589,-1.880749343896589,2.343873517786561,20.0,5.0,0.003,0.0038
102,SPY_compiled_strategy_102,222,0.7254901960784313,0.4009009009009009,-0.04228897995160219,-0.050268230513803136,-0.00019407449681231855,-1.9407449681231854,2.3603603603603602,20.0,5.0,0.003,0.004
103,SPY_compiled_strategy_103,193,0.630718954248366,0.37823834196891193,-0.035182817298437974,-0.041850758756308726,-0.00018511295598130882,-1.8511295598130881,2.471502590673575,20.0,5.0,0.003,0.0042
104,SPY_compiled_strategy_104,173,0.565359477124183,0.3583815028901734,-0.03431723945095355,-0.04082463256680213,-0.0002013616826958987,-2.013616826958987,2.4277456647398843,20.0,5.0,0.003,0.0045
105,SPY_compiled_strategy_105,308,1.0065359477124183,0.4090909090909091,-0.043033879954140986,-0.05114988930870845,-0.00014232298356470671,-1.4232298356470672,2.272727272727273,20.0,5.0,0.0035,0.0035
106,SPY_compiled_strategy_106,253,0.826797385620915,0.4031620553359684,-0.04659808555372358,-0.055366619491917235,-0.0001880749343896589,-1.880749343896589,2.343873517786561,20.0,5.0,0.0035,0.0038
107,SPY_compiled_strategy_107,222,0.7254901960784313,0.4009009009009009,-0.04228897995160219,-0.050268230513803136,-0.00019407449681231855,-1.9407449681231854,2.3603603603603602,20.0,5.0,0.0035,0.004
108,SPY_compiled_strategy_108,193,0.630718954248366,0.37823834196891193,-0.035182817298437974,-0.041850758756308726,-0.00018511295598130882,-1.8511295598130881,2.471502590673575,20.0,5.0,0.0035,0.0042
109,SPY_compiled_strategy_109,173,0.565359477124183,0.3583815028901734,-0.03431723945095355,-0.04082463256680213,-0.0002013616826958987,-2.013616826958987,2.4277456647398843,20.0,5.0,0.0035,0.0045
110,SPY_compiled_strategy_110,308,1.0065359477124183,0.4090909090909091,-0.043033879954140986,-0.05114988930870845,-0.00014232298356470671,-1.4232298356470672,2.272727272727273,20.0,5.0,0.004,0.0035
111,SPY_compiled_strategy_111,253,0.826797385620915,0.4031620553359684,-0.04659808555372358,-0.055366619491917235,-0.0001880749343896589,-1.880749343896589,2.343873517786561,20.0,5.0,0.004,0.0038
112,SPY_compiled_strategy_112,222,0.7254901960784313,0.4009009009009009,-0.04228897995160219,-0.050268230513803136,-0.00019407449681231855,-1.9407449681231854,2.3603603603603602,20.0,5.0,0.004,0.004
113,SPY_compiled_strategy_113,193,0.630718954248366,0.37823834196891193,-0.035182817298437974,-0.041850758756308726,-0.00018511295598130882,-1.8511295598130881,2.471502590673575,20.0,5.0,0.004,0.0042
114,SPY_compiled_strategy_114,173,0.565359477124183,0.3583815028901734,-0.03431723945095355,-0.04082463256680213,-0.0002013616826958987,-2.013616826958987,2.4277456647398843,20.0,5.0,0.004,0.0045
115,SPY_compiled_strategy_115,309,1.0098039215686274,0.4110032362459547,-0.04131616443023678,-0.04911661245784493,-0.00013605346064104716,-1.3605346064104717,2.2686084142394822,20.0,5.0,0.0045,0.0035
116,SPY_compiled_strategy_116,254,0.8300653594771242,0.40551181102362205,-0.04488676763487787,-0.053342378609720686,-0.0001802677118139276,-1.8026771181392762,2.338582677165354,20.0,5.0,0.0045,0.0038
117,SPY_compiled_strategy_117,223,0.7287581699346405,0.40358744394618834,-0.04056992736228904,-0.04823306436936625,-0.00018515506140129426,-1.8515506140129425,2.3542600896860986,20.0,5.0,0.0045,0.004
118,SPY_compiled_strategy_118,194,0.6339869281045751,0.38144329896907214,-0.033451009434250834,-0.039797554936293444,-0.00017490639641518825,-1.7490639641518826,2.463917525773196,20.0,5.0,0.0045,0.0042
119,SPY_compiled_strategy_119,174,0.5686274509803921,0.3620689655172414,-0.032583877909500014,-0.038769229876171485,-0.00018988857187669187,-1.8988857187669188,2.4195402298850577,20.0,5.0,0.0045,0.0045
120,SPY_compiled_strategy_120,307,1.0032679738562091,0.40716612377850164,-0.04389482856869498,-0.052168736944249505,-0.00014571971902127123,-1.4571971902127123,2.2768729641693812,30.0,3.0,0.003,0.0035
121,SPY_compiled_strategy_121,253,0.826797385620915,0.4031620553359684,-0.04659808555372358,-0.055366619491917235,-0.0001880749343896589,-1.880749343896589,2.343873517786561,30.0,3.0,0.003,0.0038
122,SPY_compiled_strategy_122,222,0.7254901960784313,0.4009009009009009,-0.04228897995160219,-0.050268230513803136,-0.00019407449681231855,-1.9407449681231854,2.3603603603603602,30.0,3.0,0.003,0.004
123,SPY_compiled_strategy_123,193,0.630718954248366,0.37823834196891193,-0.035182817298437974,-0.041850758756308726,-0.00018511295598130882,-1.8511295598130881,2.471502590673575,30.0,3.0,0.003,0.0042
124,SPY_compiled_strategy_124,173,0.565359477124183,0.3583815028901734,-0.03431723945095355,-0.04082463256680213,-0.0002013616826958987,-2.013616826958987,2.4277456647398843,30.0,3.0,0.003,0.0045
125,SPY_compiled_strategy_125,308,1.0065359477124183,0.4090909090909091,-0.043033879954140986,-0.05114988930870845,-0.00014232298356470671,-1.4232298356470672,2.272727272727273,30.0,3.0,0.0035,0.0035
126,SPY_compiled_strategy_126,253,0.826797385620915,0.4031620553359684,-0.04659808555372358,-0.055366619491917235,-0.0001880749343896589,-1.880749343896589,2.343873517786561,30.0,3.0,0.0035,0.0038
127,SPY_compiled_strategy_127,222,0.7254901960784313,0.4009009009009009,-0.04228897995160219,-0.050268230513803136,-0.00019407449681231855,-1.9407449681231854,2.3603603603603602,30.0,3.0,0.0035,0.004
128,SPY_compiled_strategy_128,193,0.630718954248366,0.37823834196891193,-0.035182817298437974,-0.041850758756308726,-0.00018511295598130882,-1.8511295598130881,2.471502590673575,30.0,3.0,0.0035,0.0042
129,SPY_compiled_strategy_129,173,0.565359477124183,0.3583815028901734,-0.03431723945095355,-0.04082463256680213,-0.0002013616826958987,-2.013616826958987,2.4277456647398843,30.0,3.0,0.0035,0.0045
130,SPY_compiled_strategy_130,308,1.0065359477124183,0.4090909090909091,-0.043033879954140986,-0.05114988930870845,-0.00014232298356470671,-1.4232298356470672,2.272727272727273,30.0,3.0,0.004,0.0035
131,SPY_compiled_strategy_131,253,0.826797385620915,0.4031620553359684,-0.04659808555372358,-0.055366619491917235,-0.0001880749343896589,-1.880749343896589,2.343873517786561,30.0,3.0,0.004,0.0038
132,SPY_compiled_strategy_132,222,0.7254901960784313,0.4009009009009009,-0.04228897995160219,-0.050268230513803136,-0.00019407449681231855,-1.9407449681231854,2.3603603603603602,30.0,3.0,0.004,0.004
133,SPY_compiled_strategy_133,193,0.630718954248366,0.37823834196891193,-0.035182817298437974,-0.041850758756308726,-0.00018511295598130882,-1.8511295598130881,2.471502590673575,30.0,3.0,0.004,0.0042
134,SPY_compiled_strategy_134,173,0.565359477124183,0.3583815028901734,-0.03431723945095355,-0.04082463256680213,-0.0002013616826958987,-2.013616826958987,2.4277456647398843,30.0,3.0,0.004,0.0045
135,SPY_compiled_strategy_135,309,1.0098039215686274,0.4110032362459547,-0.04131616443023678,-0.04911661245784493,-0.00013605346064104716,-1.3605346064104717,2.2686084142394822,30.0,3.0,0.0045,0.0035
136,SPY_compiled_strategy_136,254,0.8300653594771242,0.40551181102362205,-0.04488676763487787,-0.053342378609720686,-0.0001802677118139276,-1.8026771181392762,2.338582677165354,30.0,3.0,0.0045,0.0038
137,SPY_compiled_strategy_137,223,0.7287581699346405,0.40358744394618834,-0.04056992736228904,-0.04823306436936625,-0.00018515506140129426,-1.8515506140129425,2.3542600896860986,30.0,3.0,0.0045,0.004
138,SPY_compiled_strategy_138,194,0.6339869281045751,0.38144329896907214,-0.033451009434250834,-0.039797554936293444,-0.00017490639641518825,-1.7490639641518826,2.463917525773196,30.0,3.0,0.0045,0.0042
139,SPY_compiled_strategy_139,174,0.5686274509803921,0.3620689655172414,-0.032583877909500014,-0.038769229876171485,-0.00018988857187669187,-1.8988857187669188,2.4195402298850577,30.0,3.0,0.0045,0.0045
140,SPY_compiled_strategy_140,307,1.0032679738562091,0.40716612377850164,-0.04389482856869498,-0.052168736944249505,-0.00014571971902127123,-1.4571971902127123,2.2768729641693812,30.0,4.0,0.003,0.0035
141,SPY_compiled_strategy_141,253,0.826797385620915,0.4031620553359684,-0.04659808555372358,-0.055366619491917235,-0.0001880749343896589,-1.880749343896589,2.343873517786561,30.0,4.0,0.003,0.0038
142,SPY_compiled_strategy_142,222,0.7254901960784313,0.4009009009009009,-0.04228897995160219,-0.050268230513803136,-0.00019407449681231855,-1.9407449681231854,2.3603603603603602,30.0,4.0,0.003,0.004
143,SPY_compiled_strategy_143,193,0.630718954248366,0.37823834196891193,-0.035182817298437974,-0.041850758756308726,-0.00018511295598130882,-1.8511295598130881,2.471502590673575,30.0,4.0,0.003,0.0042
144,SPY_compiled_strategy_144,173,0.565359477124183,0.3583815028901734,-0.03431723945095355,-0.04082463256680213,-0.0002013616826958987,-2.013616826958987,2.4277456647398843,30.0,4.0,0.003,0.0045
145,SPY_compiled_strategy_145,308,1.0065359477124183,0.4090909090909091,-0.043033879954140986,-0.05114988930870845,-0.00014232298356470671,-1.4232298356470672,2.272727272727273,30.0,4.0,0.0035,0.0035
146,SPY_compiled_strategy_146,253,0.826797385620915,0.4031620553359684,-0.04659808555372358,-0.055366619491917235,-0.0001880749343896589,-1.880749343896589,2.343873517786561,30.0,4.0,0.0035,0.0038
147,SPY_compiled_strategy_147,222,0.7254901960784313,0.4009009009009009,-0.04228897995160219,-0.050268230513803136,-0.00019407449681231855,-1.9407449681231854,2.3603603603603602,30.0,4.0,0.0035,0.004
148,SPY_compiled_strategy_148,193,0.630718954248366,0.37823834196891193,-0.035182817298437974,-0.041850758756308726,-0.00018511295598130882,-1.8511295598130881,2.471502590673575,30.0,4.0,0.0035,0.0042
149,SPY_compiled_strategy_149,173,0.565359477124183,0.3583815028901734,-0.03431723945095355,-0.04082463256680213,-0.0002013616826958987,-2.013616826958987,2.4277456647398843,30.0,4.0,0.0035,0.0045
150,SPY_compiled_strategy_150,308,1.0065359477124183,0.4090909090909091,-0.043033879954140986,-0.05114988930870845,-0.00014232298356470671,-1.4232298356470672,2.272727272727273,30.0,4.0,0.004,0.0035
151,SPY_compiled_strategy_151,253,0.826797385620915,0.4031620553359684,-0.04659808555372358,-0.055366619491917235,-0.0001880749343896589,-1.880749343896589,2.343873517786561,30.0,4.0,0.004,0.0038
152,SPY_compiled_strategy_152,222,0.7254901960784313,0.4009009009009009,-0.04228897995160219,-0.050268230513803136,-0.00019407449681231855,-1.9407449681231854,2.3603603603603602,30.0,4.0,0.004,0.004
153,SPY_compiled_strategy_153,193,0.630718954248366,0.37823834196891193,-0.035182817298437974,-0.041850758756308726,-0.00018511295598130882,-1.8511295598130881,2.471502590673575,30.0,4.0,0.004,0.0042
154,SPY_compiled_strategy_154,173,0.565359477124183,0.3583815028901734,-0.03431723945095355,-0.04082463256680213,-0.0002013616826958987,-2.013616826958987,2.4277456647398843,30.0,4.0,0.004,0.0045
155,SPY_compiled_strategy_155,309,1.0098039215686274,0.4110032362459547,-0.04131616443023678,-0.04911661245784493,-0.00013605346064104716,-1.3605346064104717,2.2686084142394822,30.0,4.0,0.0045,0.0035
156,SPY_compiled_strategy_156,254,0.8300653594771242,0.40551181102362205,-0.04488676763487787,-0.053342378609720686,-0.0001802677118139276,-1.8026771181392762,2.338582677165354,30.0,4.0,0.0045,0.0038
157,SPY_compiled_strategy_157,223,0.7287581699346405,0.40358744394618834,-0.04056992736228904,-0.04823306436936625,-0.00018515506140129426,-1.8515506140129425,2.3542600896860986,30.0,4.0,0.0045,0.004
158,SPY_compiled_strategy_158,194,0.6339869281045751,0.38144329896907214,-0.033451009434250834,-0.039797554936293444,-0.00017490639641518825,-1.7490639641518826,2.463917525773196,30.0,4.0,0.0045,0.0042
159,SPY_compiled_strategy_159,174,0.5686274509803921,0.3620689655172414,-0.032583877909500014,-0.038769229876171485,-0.00018988857187669187,-1.8988857187669188,2.4195402298850577,30.0,4.0,0.0045,0.0045
160,SPY_compiled_strategy_160,307,1.0032679738562091,0.40716612377850164,-0.04389482856869498,-0.052168736944249505,-0.00014571971902127123,-1.4571971902127123,2.2768729641693812,30.0,5.0,0.003,0.0035
161,SPY_compiled_strategy_161,253,0.826797385620915,0.4031620553359684,-0.04659808555372358,-0.055366619491917235,-0.0001880749343896589,-1.880749343896589,2.343873517786561,30.0,5.0,0.003,0.0038
162,SPY_compiled_strategy_162,222,0.7254901960784313,0.4009009009009009,-0.04228897995160219,-0.050268230513803136,-0.00019407449681231855,-1.9407449681231854,2.3603603603603602,30.0,5.0,0.003,0.004
163,SPY_compiled_strategy_163,193,0.630718954248366,0.37823834196891193,-0.035182817298437974,-0.041850758756308726,-0.00018511295598130882,-1.8511295598130881,2.471502590673575,30.0,5.0,0.003,0.0042
164,SPY_compiled_strategy_164,173,0.565359477124183,0.3583815028901734,-0.03431723945095355,-0.04082463256680213,-0.0002013616826958987,-2.013616826958987,2.4277456647398843,30.0,5.0,0.003,0.0045
165,SPY_compiled_strategy_165,308,1.0065359477124183,0.4090909090909091,-0.043033879954140986,-0.05114988930870845,-0.00014232298356470671,-1.4232298356470672,2.272727272727273,30.0,5.0,0.0035,0.0035
166,SPY_compiled_strategy_166,253,0.826797385620915,0.4031620553359684,-0.04659808555372358,-0.055366619491917235,-0.0001880749343896589,-1.880749343896589,2.343873517786561,30.0,5.0,0.0035,0.0038
167,SPY_compiled_strategy_167,222,0.7254901960784313,0.4009009009009009,-0.04228897995160219,-0.050268230513803136,-0.00019407449681231855,-1.9407449681231854,2.3603603603603602,30.0,5.0,0.0035,0.004
168,SPY_compiled_strategy_168,193,0.630718954248366,0.37823834196891193,-0.035182817298437974,-0.041850758756308726,-0.00018511295598130882,-1.8511295598130881,2.471502590673575,30.0,5.0,0.0035,0.0042
169,SPY_compiled_strategy_169,173,0.565359477124183,0.3583815028901734,-0.03431723945095355,-0.04082463256680213,-0.0002013616826958987,-2.013616826958987,2.4277456647398843,30.0,5.0,0.0035,0.0045
170,SPY_compiled_strategy_170,308,1.0065359477124183,0.4090909090909091,-0.043033879954140986,-0.05114988930870845,-0.00014232298356470671,-1.4232298356470672,2.272727272727273,30.0,5.0,0.004,0.0035
171,SPY_compiled_strategy_171,253,0.826797385620915,0.4031620553359684,-0.04659808555372358,-0.055366619491917235,-0.0001880749343896589,-1.880749343896589,2.343873517786561,30.0,5.0,0.004,0.0038
172,SPY_compiled_strategy_172,222,0.7254901960784313,0.4009009009009009,-0.04228897995160219,-0.050268230513803136,-0.00019407449681231855,-1.9407449681231854,2.3603603603603602,30.0,5.0,0.004,0.004
173,SPY_compiled_strategy_173,193,0.630718954248366,0.37823834196891193,-0.035182817298437974,-0.041850758756308726,-0.00018511295598130882,-1.8511295598130881,2.471502590673575,30.0,5.0,0.004,0.0042
174,SPY_compiled_strategy_174,173,0.565359477124183,0.3583815028901734,-0.03431723945095355,-0.04082463256680213,-0.0002013616826958987,-2.013616826958987,2.4277456647398843,30.0,5.0,0.004,0.0045
175,SPY_compiled_strategy_175,309,1.0098039215686274,0.4110032362459547,-0.04131616443023678,-0.04911661245784493,-0.00013605346064104716,-1.3605346064104717,2.2686084142394822,30.0,5.0,0.0045,0.0035
176,SPY_compiled_strategy_176,254,0.8300653594771242,0.40551181102362205,-0.04488676763487787,-0.053342378609720686,-0.0001802677118139276,-1.8026771181392762,2.338582677165354,30.0,5.0,0.0045,0.0038
177,SPY_compiled_strategy_177,223,0.7287581699346405,0.40358744394618834,-0.04056992736228904,-0.04823306436936625,-0.00018515506140129426,-1.8515506140129425,2.3542600896860986,30.0,5.0,0.0045,0.004
178,SPY_compiled_strategy_178,194,0.6339869281045751,0.38144329896907214,-0.033451009434250834,-0.039797554936293444,-0.00017490639641518825,-1.7490639641518826,2.463917525773196,30.0,5.0,0.0045,0.0042
179,SPY_compiled_strategy_179,174,0.5686274509803921,0.3620689655172414,-0.032583877909500014,-0.038769229876171485,-0.00018988857187669187,-1.8988857187669188,2.4195402298850577,30.0,5.0,0.0045,0.0045
180,SPY_compiled_strategy_180,307,1.0032679738562091,0.40716612377850164,-0.04389482856869498,-0.052168736944249505,-0.00014571971902127123,-1.4571971902127123,2.2768729641693812,40.0,3.0,0.003,0.0035
181,SPY_compiled_strategy_181,253,0.826797385620915,0.4031620553359684,-0.04659808555372358,-0.055366619491917235,-0.0001880749343896589,-1.880749343896589,2.343873517786561,40.0,3.0,0.003,0.0038
182,SPY_compiled_strategy_182,222,0.7254901960784313,0.4009009009009009,-0.04228897995160219,-0.050268230513803136,-0.00019407449681231855,-1.9407449681231854,2.3603603603603602,40.0,3.0,0.003,0.004
183,SPY_compiled_strategy_183,193,0.630718954248366,0.37823834196891193,-0.035182817298437974,-0.041850758756308726,-0.00018511295598130882,-1.8511295598130881,2.471502590673575,40.0,3.0,0.003,0.0042
184,SPY_compiled_strategy_184,173,0.565359477124183,0.3583815028901734,-0.03431723945095355,-0.04082463256680213,-0.0002013616826958987,-2.013616826958987,2.4277456647398843,40.0,3.0,0.003,0.0045
185,SPY_compiled_strategy_185,308,1.0065359477124183,0.4090909090909091,-0.043033879954140986,-0.05114988930870845,-0.00014232298356470671,-1.4232298356470672,2.272727272727273,40.0,3.0,0.0035,0.0035
186,SPY_compiled_strategy_186,253,0.826797385620915,0.4031620553359684,-0.04659808555372358,-0.055366619491917235,-0.0001880749343896589,-1.880749343896589,2.343873517786561,40.0,3.0,0.0035,0.0038
187,SPY_compiled_strategy_187,222,0.7254901960784313,0.4009009009009009,-0.04228897995160219,-0.050268230513803136,-0.00019407449681231855,-1.9407449681231854,2.3603603603603602,40.0,3.0,0.0035,0.004
188,SPY_compiled_strategy_188,193,0.630718954248366,0.37823834196891193,-0.035182817298437974,-0.041850758756308726,-0.00018511295598130882,-1.8511295598130881,2.471502590673575,40.0,3.0,0.0035,0.0042
189,SPY_compiled_strategy_189,173,0.565359477124183,0.3583815028901734,-0.03431723945095355,-0.04082463256680213,-0.0002013616826958987,-2.013616826958987,2.4277456647398843,40.0,3.0,0.0035,0.0045
190,SPY_compiled_strategy_190,308,1.0065359477124183,0.4090909090909091,-0.043033879954140986,-0.05114988930870845,-0.00014232298356470671,-1.4232298356470672,2.272727272727273,40.0,3.0,0.004,0.0035
191,SPY_compiled_strategy_191,253,0.826797385620915,0.4031620553359684,-0.04659808555372358,-0.055366619491917235,-0.0001880749343896589,-1.880749343896589,2.343873517786561,40.0,3.0,0.004,0.0038
192,SPY_compiled_strategy_192,222,0.7254901960784313,0.4009009009009009,-0.04228897995160219,-0.050268230513803136,-0.00019407449681231855,-1.9407449681231854,2.3603603603603602,40.0,3.0,0.004,0.004
193,SPY_compiled_strategy_193,193,0.630718954248366,0.37823834196891193,-0.035182817298437974,-0.041850758756308726,-0.00018511295598130882,-1.8511295598130881,2.471502590673575,40.0,3.0,0.004,0.0042
194,SPY_compiled_strategy_194,173,0.565359477124183,0.3583815028901734,-0.03431723945095355,-0.04082463256680213,-0.0002013616826958987,-2.013616826958987,2.4277456647398843,40.0,3.0,0.004,0.0045
195,SPY_compiled_strategy_195,309,1.0098039215686274,0.4110032362459547,-0.04131616443023678,-0.04911661245784493,-0.00013605346064104716,-1.3605346064104717,2.2686084142394822,40.0,3.0,0.0045,0.0035
196,SPY_compiled_strategy_196,254,0.8300653594771242,0.40551181102362205,-0.04488676763487787,-0.053342378609720686,-0.0001802677118139276,-1.8026771181392762,2.338582677165354,40.0,3.0,0.0045,0.0038
197,SPY_compiled_strategy_197,223,0.7287581699346405,0.40358744394618834,-0.04056992736228904,-0.04823306436936625,-0.00018515506140129426,-1.8515506140129425,2.3542600896860986,40.0,3.0,0.0045,0.004
198,SPY_compiled_strategy_198,194,0.6339869281045751,0.38144329896907214,-0.033451009434250834,-0.039797554936293444,-0.00017490639641518825,-1.7490639641518826,2.463917525773196,40.0,3.0,0.0045,0.0042
199,SPY_compiled_strategy_199,174,0.5686274509803921,0.3620689655172414,-0.032583877909500014,-0.038769229876171485,-0.00018988857187669187,-1.8988857187669188,2.4195402298850577,40.0,3.0,0.0045,0.0045
200,SPY_compiled_strategy_200,307,1.0032679738562091,0.40716612377850164,-0.04389482856869498,-0.052168736944249505,-0.00014571971902127123,-1.4571971902127123,2.2768729641693812,40.0,4.0,0.003,0.0035
201,SPY_compiled_strategy_201,253,0.826797385620915,0.4031620553359684,-0.04659808555372358,-0.055366619491917235,-0.0001880749343896589,-1.880749343896589,2.343873517786561,40.0,4.0,0.003,0.0038
202,SPY_compiled_strategy_202,222,0.7254901960784313,0.4009009009009009,-0.04228897995160219,-0.050268230513803136,-0.00019407449681231855,-1.9407449681231854,2.3603603603603602,40.0,4.0,0.003,0.004
203,SPY_compiled_strategy_203,193,0.630718954248366,0.37823834196891193,-0.035182817298437974,-0.041850758756308726,-0.00018511295598130882,-1.8511295598130881,2.471502590673575,40.0,4.0,0.003,0.0042
204,SPY_compiled_strategy_204,173,0.565359477124183,0.3583815028901734,-0.03431723945095355,-0.04082463256680213,-0.0002013616826958987,-2.013616826958987,2.4277456647398843,40.0,4.0,0.003,0.0045
205,SPY_compiled_strategy_205,308,1.0065359477124183,0.4090909090909091,-0.043033879954140986,-0.05114988930870845,-0.00014232298356470671,-1.4232298356470672,2.272727272727273,40.0,4.0,0.0035,0.0035
206,SPY_compiled_strategy_206,253,0.826797385620915,0.4031620553359684,-0.04659808555372358,-0.055366619491917235,-0.0001880749343896589,-1.880749343896589,2.343873517786561,40.0,4.0,0.0035,0.0038
207,SPY_compiled_strategy_207,222,0.7254901960784313,0.4009009009009009,-0.04228897995160219,-0.050268230513803136,-0.00019407449681231855,-1.9407449681231854,2.3603603603603602,40.0,4.0,0.0035,0.004
208,SPY_compiled_strategy_208,193,0.630718954248366,0.37823834196891193,-0.035182817298437974,-0.041850758756308726,-0.00018511295598130882,-1.8511295598130881,2.471502590673575,40.0,4.0,0.0035,0.0042
209,SPY_compiled_strategy_209,173,0.565359477124183,0.3583815028901734,-0.03431723945095355,-0.04082463256680213,-0.0002013616826958987,-2.013616826958987,2.4277456647398843,40.0,4.0,0.0035,0.0045
210,SPY_compiled_strategy_210,308,1.0065359477124183,0.4090909090909091,-0.043033879954140986,-0.05114988930870845,-0.00014232298356470671,-1.4232298356470672,2.272727272727273,40.0,4.0,0.004,0.0035
211,SPY_compiled_strategy_211,253,0.826797385620915,0.4031620553359684,-0.04659808555372358,-0.055366619491917235,-0.0001880749343896589,-1.880749343896589,2.343873517786561,40.0,4.0,0.004,0.0038
212,SPY_compiled_strategy_212,222,0.7254901960784313,0.4009009009009009,-0.04228897995160219,-0.050268230513803136,-0.00019407449681231855,-1.9407449681231854,2.3603603603603602,40.0,4.0,0.004,0.004
213,SPY_compiled_strategy_213,193,0.630718954248366,0.37823834196891193,-0.035182817298437974,-0.041850758756308726,-0.00018511295598130882,-1.8511295598130881,2.471502590673575,40.0,4.0,0.004,0.0042
214,SPY_compiled_strategy_214,173,0.565359477124183,0.3583815028901734,-0.03431723945095355,-0.04082463256680213,-0.0002013616826958987,-2.013616826958987,2.4277456647398843,40.0,4.0,0.004,0.0045
215,SPY_compiled_strategy_215,309,1.0098039215686274,0.4110032362459547,-0.04131616443023678,-0.04911661245784493,-0.00013605346064104716,-1.3605346064104717,2.2686084142394822,40.0,4.0,0.0045,0.0035
216,SPY_compiled_strategy_216,254,0.8300653594771242,0.40551181102362205,-0.04488676763487787,-0.053342378609720686,-0.0001802677118139276,-1.8026771181392762,2.338582677165354,40.0,4.0,0.0045,0.0038
217,SPY_compiled_strategy_217,223,0.7287581699346405,0.40358744394618834,-0.04056992736228904,-0.04823306436936625,-0.00018515506140129426,-1.8515506140129425,2.3542600896860986,40.0,4.0,0.0045,0.004
218,SPY_compiled_strategy_218,194,0.6339869281045751,0.38144329896907214,-0.033451009434250834,-0.039797554936293444,-0.00017490639641518825,-1.7490639641518826,2.463917525773196,40.0,4.0,0.0045,0.0042
219,SPY_compiled_strategy_219,174,0.5686274509803921,0.3620689655172414,-0.032583877909500014,-0.038769229876171485,-0.00018988857187669187,-1.8988857187669188,2.4195402298850577,40.0,4.0,0.0045,0.0045
220,SPY_compiled_strategy_220,307,1.0032679738562091,0.40716612377850164,-0.04389482856869498,-0.052168736944249505,-0.00014571971902127123,-1.4571971902127123,2.2768729641693812,40.0,5.0,0.003,0.0035
221,SPY_compiled_strategy_221,253,0.826797385620915,0.4031620553359684,-0.04659808555372358,-0.055366619491917235,-0.0001880749343896589,-1.880749343896589,2.343873517786561,40.0,5.0,0.003,0.0038
222,SPY_compiled_strategy_222,222,0.7254901960784313,0.4009009009009009,-0.04228897995160219,-0.050268230513803136,-0.00019407449681231855,-1.9407449681231854,2.3603603603603602,40.0,5.0,0.003,0.004
223,SPY_compiled_strategy_223,193,0.630718954248366,0.37823834196891193,-0.035182817298437974,-0.041850758756308726,-0.00018511295598130882,-1.8511295598130881,2.471502590673575,40.0,5.0,0.003,0.0042
224,SPY_compiled_strategy_224,173,0.565359477124183,0.3583815028901734,-0.03431723945095355,-0.04082463256680213,-0.0002013616826958987,-2.013616826958987,2.4277456647398843,40.0,5.0,0.003,0.0045
225,SPY_compiled_strategy_225,308,1.0065359477124183,0.4090909090909091,-0.043033879954140986,-0.05114988930870845,-0.00014232298356470671,-1.4232298356470672,2.272727272727273,40.0,5.0,0.0035,0.0035
226,SPY_compiled_strategy_226,253,0.826797385620915,0.4031620553359684,-0.04659808555372358,-0.055366619491917235,-0.0001880749343896589,-1.880749343896589,2.343873517786561,40.0,5.0,0.0035,0.0038
227,SPY_compiled_strategy_227,222,0.7254901960784313,0.4009009009009009,-0.04228897995160219,-0.050268230513803136,-0.00019407449681231855,-1.9407449681231854,2.3603603603603602,40.0,5.0,0.0035,0.004
228,SPY_compiled_strategy_228,193,0.630718954248366,0.37823834196891193,-0.035182817298437974,-0.041850758756308726,-0.00018511295598130882,-1.8511295598130881,2.471502590673575,40.0,5.0,0.0035,0.0042
229,SPY_compiled_strategy_229,173,0.565359477124183,0.3583815028901734,-0.03431723945095355,-0.04082463256680213,-0.0002013616826958987,-2.013616826958987,2.4277456647398843,40.0,5.0,0.0035,0.0045
230,SPY_compiled_strategy_230,308,1.0065359477124183,0.4090909090909091,-0.043033879954140986,-0.05114988930870845,-0.00014232298356470671,-1.4232298356470672,2.272727272727273,40.0,5.0,0.004,0.0035
231,SPY_compiled_strategy_231,253,0.826797385620915,0.4031620553359684,-0.04659808555372358,-0.055366619491917235,-0.0001880749343896589,-1.880749343896589,2.343873517786561,40.0,5.0,0.004,0.0038
232,SPY_compiled_strategy_232,222,0.7254901960784313,0.4009009009009009,-0.04228897995160219,-0.050268230513803136,-0.00019407449681231855,-1.9407449681231854,2.3603603603603602,40.0,5.0,0.004,0.004
233,SPY_compiled_strategy_233,193,0.630718954248366,0.37823834196891193,-0.035182817298437974,-0.041850758756308726,-0.00018511295598130882,-1.8511295598130881,2.471502590673575,40.0,5.0,0.004,0.0042
234,SPY_compiled_strategy_234,173,0.565359477124183,0.3583815028901734,-0.03431723945095355,-0.04082463256680213,-0.0002013616826958987,-2.013616826958987,2.4277456647398843,40.0,5.0,0.004,0.0045
235,SPY_compiled_strategy_235,309,1.0098039215686274,0.4110032362459547,-0.04131616443023678,-0.04911661245784493,-0.00013605346064104716,-1.3605346064104717,2.2686084142394822,40.0,5.0,0.0045,0.0035
236,SPY_compiled_strategy_236,254,0.8300653594771242,0.40551181102362205,-0.04488676763487787,-0.053342378609720686,-0.0001802677118139276,-1.8026771181392762,2.338582677165354,40.0,5.0,0.0045,0.0038
237,SPY_compiled_strategy_237,223,0.7287581699346405,0.40358744394618834,-0.04056992736228904,-0.04823306436936625,-0.00018515506140129426,-1.8515506140129425,2.3542600896860986,40.0,5.0,0.0045,0.004
238,SPY_compiled_strategy_238,194,0.6339869281045751,0.38144329896907214,-0.033451009434250834,-0.039797554936293444,-0.00017490639641518825,-1.7490639641518826,2.463917525773196,40.0,5.0,0.0045,0.0042
239,SPY_compiled_strategy_239,174,0.5686274509803921,0.3620689655172414,-0.032583877909500014,-0.038769229876171485,-0.00018988857187669187,-1.8988857187669188,2.4195402298850577,40.0,5.0,0.0045,0.0045
240,SPY_compiled_strategy_240,307,1.0032679738562091,0.40716612377850164,-0.04389482856869498,-0.052168736944249505,-0.00014571971902127123,-1.4571971902127123,2.2768729641693812,50.0,3.0,0.003,0.0035
241,SPY_compiled_strategy_241,253,0.826797385620915,0.4031620553359684,-0.04659808555372358,-0.055366619491917235,-0.0001880749343896589,-1.880749343896589,2.343873517786561,50.0,3.0,0.003,0.0038
242,SPY_compiled_strategy_242,222,0.7254901960784313,0.4009009009009009,-0.04228897995160219,-0.050268230513803136,-0.00019407449681231855,-1.9407449681231854,2.3603603603603602,50.0,3.0,0.003,0.004
243,SPY_compiled_strategy_243,193,0.630718954248366,0.37823834196891193,-0.035182817298437974,-0.041850758756308726,-0.00018511295598130882,-1.8511295598130881,2.471502590673575,50.0,3.0,0.003,0.0042
244,SPY_compiled_strategy_244,173,0.565359477124183,0.3583815028901734,-0.03431723945095355,-0.04082463256680213,-0.0002013616826958987,-2.013616826958987,2.4277456647398843,50.0,3.0,0.003,0.0045
245,SPY_compiled_strategy_245,308,1.0065359477124183,0.4090909090909091,-0.043033879954140986,-0.05114988930870845,-0.00014232298356470671,-1.4232298356470672,2.272727272727273,50.0,3.0,0.0035,0.0035
246,SPY_compiled_strategy_246,253,0.826797385620915,0.4031620553359684,-0.04659808555372358,-0.055366619491917235,-0.0001880749343896589,-1.880749343896589,2.343873517786561,50.0,3.0,0.0035,0.0038
247,SPY_compiled_strategy_247,222,0.7254901960784313,0.4009009009009009,-0.04228897995160219,-0.050268230513803136,-0.00019407449681231855,-1.9407449681231854,2.3603603603603602,50.0,3.0,0.0035,0.004
248,SPY_compiled_strategy_248,193,0.630718954248366,0.37823834196891193,-0.035182817298437974,-0.041850758756308726,-0.00018511295598130882,-1.8511295598130881,2.471502590673575,50.0,3.0,0.0035,0.0042
249,SPY_compiled_strategy_249,173,0.565359477124183,0.3583815028901734,-0.03431723945095355,-0.04082463256680213,-0.0002013616826958987,-2.013616826958987,2.4277456647398843,50.0,3.0,0.0035,0.0045
250,SPY_compiled_strategy_250,308,1.0065359477124183,0.4090909090909091,-0.043033879954140986,-0.05114988930870845,-0.00014232298356470671,-1.4232298356470672,2.272727272727273,50.0,3.0,0.004,0.0035
251,SPY_compiled_strategy_251,253,0.826797385620915,0.4031620553359684,-0.04659808555372358,-0.055366619491917235,-0.0001880749343896589,-1.880749343896589,2.343873517786561,50.0,3.0,0.004,0.0038
252,SPY_compiled_strategy_252,222,0.7254901960784313,0.4009009009009009,-0.04228897995160219,-0.050268230513803136,-0.00019407449681231855,-1.9407449681231854,2.3603603603603602,50.0,3.0,0.004,0.004
253,SPY_compiled_strategy_253,193,0.630718954248366,0.37823834196891193,-0.035182817298437974,-0.041850758756308726,-0.00018511295598130882,-1.8511295598130881,2.471502590673575,50.0,3.0,0.004,0.0042
254,SPY_compiled_strategy_254,173,0.565359477124183,0.3583815028901734,-0.03431723945095355,-0.04082463256680213,-0.0002013616826958987,-2.013616826958987,2.4277456647398843,50.0,3.0,0.004,0.0045
255,SPY_compiled_strategy_255,309,1.0098039215686274,0.4110032362459547,-0.04131616443023678,-0.04911661245784493,-0.00013605346064104716,-1.3605346064104717,2.2686084142394822,50.0,3.0,0.0045,0.0035
256,SPY_compiled_strategy_256,254,0.8300653594771242,0.40551181102362205,-0.04488676763487787,-0.053342378609720686,-0.0001802677118139276,-1.8026771181392762,2.338582677165354,50.0,3.0,0.0045,0.0038
257,SPY_compiled_strategy_257,223,0.7287581699346405,0.40358744394618834,-0.04056992736228904,-0.04823306436936625,-0.00018515506140129426,-1.8515506140129425,2.3542600896860986,50.0,3.0,0.0045,0.004
258,SPY_compiled_strategy_258,194,0.6339869281045751,0.38144329896907214,-0.033451009434250834,-0.039797554936293444,-0.00017490639641518825,-1.7490639641518826,2.463917525773196,50.0,3.0,0.0045,0.0042
259,SPY_compiled_strategy_259,174,0.5686274509803921,0.3620689655172414,-0.032583877909500014,-0.038769229876171485,-0.00018988857187669187,-1.8988857187669188,2.4195402298850577,50.0,3.0,0.0045,0.0045
260,SPY_compiled_strategy_260,307,1.0032679738562091,0.40716612377850164,-0.04389482856869498,-0.052168736944249505,-0.00014571971902127123,-1.4571971902127123,2.2768729641693812,50.0,4.0,0.003,0.0035
261,SPY_compiled_strategy_261,253,0.826797385620915,0.4031620553359684,-0.04659808555372358,-0.055366619491917235,-0.0001880749343896589,-1.880749343896589,2.343873517786561,50.0,4.0,0.003,0.0038
262,SPY_compiled_strategy_262,222,0.7254901960784313,0.4009009009009009,-0.04228897995160219,-0.050268230513803136,-0.00019407449681231855,-1.9407449681231854,2.3603603603603602,50.0,4.0,0.003,0.004
263,SPY_compiled_strategy_263,193,0.630718954248366,0.37823834196891193,-0.035182817298437974,-0.041850758756308726,-0.00018511295598130882,-1.8511295598130881,2.471502590673575,50.0,4.0,0.003,0.0042
264,SPY_compiled_strategy_264,173,0.565359477124183,0.3583815028901734,-0.03431723945095355,-0.04082463256680213,-0.0002013616826958987,-2.013616826958987,2.4277456647398843,50.0,4.0,0.003,0.0045
265,SPY_compiled_strategy_265,308,1.0065359477124183,0.4090909090909091,-0.043033879954140986,-0.05114988930870845,-0.00014232298356470671,-1.4232298356470672,2.272727272727273,50.0,4.0,0.0035,0.0035
266,SPY_compiled_strategy_266,253,0.826797385620915,0.4031620553359684,-0.04659808555372358,-0.055366619491917235,-0.0001880749343896589,-1.880749343896589,2.343873517786561,50.0,4.0,0.0035,0.0038
267,SPY_compiled_strategy_267,222,0.7254901960784313,0.4009009009009009,-0.04228897995160219,-0.050268230513803136,-0.00019407449681231855,-1.9407449681231854,2.3603603603603602,50.0,4.0,0.0035,0.004
268,SPY_compiled_strategy_268,193,0.630718954248366,0.37823834196891193,-0.035182817298437974,-0.041850758756308726,-0.00018511295598130882,-1.8511295598130881,2.471502590673575,50.0,4.0,0.0035,0.0042
269,SPY_compiled_strategy_269,173,0.565359477124183,0.3583815028901734,-0.03431723945095355,-0.04082463256680213,-0.0002013616826958987,-2.013616826958987,2.4277456647398843,50.0,4.0,0.0035,0.0045
270,SPY_compiled_strategy_270,308,1.0065359477124183,0.4090909090909091,-0.043033879954140986,-0.05114988930870845,-0.00014232298356470671,-1.4232298356470672,2.272727272727273,50.0,4.0,0.004,0.0035
271,SPY_compiled_strategy_271,253,0.826797385620915,0.4031620553359684,-0.04659808555372358,-0.055366619491917235,-0.0001880749343896589,-1.880749343896589,2.343873517786561,50.0,4.0,0.004,0.0038
272,SPY_compiled_strategy_272,222,0.7254901960784313,0.4009009009009009,-0.04228897995160219,-0.050268230513803136,-0.00019407449681231855,-1.9407449681231854,2.3603603603603602,50.0,4.0,0.004,0.004
273,SPY_compiled_strategy_273,193,0.630718954248366,0.37823834196891193,-0.035182817298437974,-0.041850758756308726,-0.00018511295598130882,-1.8511295598130881,2.471502590673575,50.0,4.0,0.004,0.0042
274,SPY_compiled_strategy_274,173,0.565359477124183,0.3583815028901734,-0.03431723945095355,-0.04082463256680213,-0.0002013616826958987,-2.013616826958987,2.4277456647398843,50.0,4.0,0.004,0.0045
275,SPY_compiled_strategy_275,309,1.0098039215686274,0.4110032362459547,-0.04131616443023678,-0.04911661245784493,-0.00013605346064104716,-1.3605346064104717,2.2686084142394822,50.0,4.0,0.0045,0.0035
276,SPY_compiled_strategy_276,254,0.8300653594771242,0.40551181102362205,-0.04488676763487787,-0.053342378609720686,-0.0001802677118139276,-1.8026771181392762,2.338582677165354,50.0,4.0,0.0045,0.0038
277,SPY_compiled_strategy_277,223,0.7287581699346405,0.40358744394618834,-0.04056992736228904,-0.04823306436936625,-0.00018515506140129426,-1.8515506140129425,2.3542600896860986,50.0,4.0,0.0045,0.004
278,SPY_compiled_strategy_278,194,0.6339869281045751,0.38144329896907214,-0.033451009434250834,-0.039797554936293444,-0.00017490639641518825,-1.7490639641518826,2.463917525773196,50.0,4.0,0.0045,0.0042
279,SPY_compiled_strategy_279,174,0.5686274509803921,0.3620689655172414,-0.032583877909500014,-0.038769229876171485,-0.00018988857187669187,-1.8988857187669188,2.4195402298850577,50.0,4.0,0.0045,0.0045
280,SPY_compiled_strategy_280,307,1.0032679738562091,0.40716612377850164,-0.04389482856869498,-0.052168736944249505,-0.00014571971902127123,-1.4571971902127123,2.2768729641693812,50.0,5.0,0.003,0.0035
281,SPY_compiled_strategy_281,253,0.826797385620915,0.4031620553359684,-0.04659808555372358,-0.055366619491917235,-0.0001880749343896589,-1.880749343896589,2.343873517786561,50.0,5.0,0.003,0.0038
282,SPY_compiled_strategy_282,222,0.7254901960784313,0.4009009009009009,-0.04228897995160219,-0.050268230513803136,-0.00019407449681231855,-1.9407449681231854,2.3603603603603602,50.0,5.0,0.003,0.004
283,SPY_compiled_strategy_283,193,0.630718954248366,0.37823834196891193,-0.035182817298437974,-0.041850758756308726,-0.00018511295598130882,-1.8511295598130881,2.471502590673575,50.0,5.0,0.003,0.0042
284,SPY_compiled_strategy_284,173,0.565359477124183,0.3583815028901734,-0.03431723945095355,-0.04082463256680213,-0.0002013616826958987,-2.013616826958987,2.4277456647398843,50.0,5.0,0.003,0.0045
285,SPY_compiled_strategy_285,308,1.0065359477124183,0.4090909090909091,-0.043033879954140986,-0.05114988930870845,-0.00014232298356470671,-1.4232298356470672,2.272727272727273,50.0,5.0,0.0035,0.0035
286,SPY_compiled_strategy_286,253,0.826797385620915,0.4031620553359684,-0.04659808555372358,-0.055366619491917235,-0.0001880749343896589,-1.880749343896589,2.343873517786561,50.0,5.0,0.0035,0.0038
287,SPY_compiled_strategy_287,222,0.7254901960784313,0.4009009009009009,-0.04228897995160219,-0.050268230513803136,-0.00019407449681231855,-1.9407449681231854,2.3603603603603602,50.0,5.0,0.0035,0.004
288,SPY_compiled_strategy_288,193,0.630718954248366,0.37823834196891193,-0.035182817298437974,-0.041850758756308726,-0.00018511295598130882,-1.8511295598130881,2.471502590673575,50.0,5.0,0.0035,0.0042
289,SPY_compiled_strategy_289,173,0.565359477124183,0.3583815028901734,-0.03431723945095355,-0.04082463256680213,-0.0002013616826958987,-2.013616826958987,2.4277456647398843,50.0,5.0,0.0035,0.0045
290,SPY_compiled_strategy_290,308,1.0065359477124183,0.4090909090909091,-0.043033879954140986,-0.05114988930870845,-0.00014232298356470671,-1.4232298356470672,2.272727272727273,50.0,5.0,0.004,0.0035
291,SPY_compiled_strategy_291,253,0.826797385620915,0.4031620553359684,-0.04659808555372358,-0.055366619491917235,-0.0001880749343896589,-1.880749343896589,2.343873517786561,50.0,5.0,0.004,0.0038
292,SPY_compiled_strategy_292,222,0.7254901960784313,0.4009009009009009,-0.04228897995160219,-0.050268230513803136,-0.00019407449681231855,-1.9407449681231854,2.3603603603603602,50.0,5.0,0.004,0.004
293,SPY_compiled_strategy_293,193,0.630718954248366,0.37823834196891193,-0.035182817298437974,-0.041850758756308726,-0.00018511295598130882,-1.8511295598130881,2.471502590673575,50.0,5.0,0.004,0.0042
294,SPY_compiled_strategy_294,173,0.565359477124183,0.3583815028901734,-0.03431723945095355,-0.04082463256680213,-0.0002013616826958987,-2.013616826958987,2.4277456647398843,50.0,5.0,0.004,0.0045
295,SPY_compiled_strategy_295,309,1.0098039215686274,0.4110032362459547,-0.04131616443023678,-0.04911661245784493,-0.00013605346064104716,-1.3605346064104717,2.2686084142394822,50.0,5.0,0.0045,0.0035
296,SPY_compiled_strategy_296,254,0.8300653594771242,0.40551181102362205,-0.04488676763487787,-0.053342378609720686,-0.0001802677118139276,-1.8026771181392762,2.338582677165354,50.0,5.0,0.0045,0.0038
297,SPY_compiled_strategy_297,223,0.7287581699346405,0.40358744394618834,-0.04056992736228904,-0.04823306436936625,-0.00018515506140129426,-1.8515506140129425,2.3542600896860986,50.0,5.0,0.0045,0.004
298,SPY_compiled_strategy_298,194,0.6339869281045751,0.38144329896907214,-0.033451009434250834,-0.039797554936293444,-0.00017490639641518825,-1.7490639641518826,2.463917525773196,50.0,5.0,0.0045,0.0042
299,SPY_compiled_strategy_299,174,0.5686274509803921,0.3620689655172414,-0.032583877909500014,-0.038769229876171485,-0.00018988857187669187,-1.8988857187669188,2.4195402298850577,50.0,5.0,0.0045,0.0045
300,SPY_compiled_strategy_300,307,1.0032679738562091,0.40716612377850164,-0.04389482856869498,-0.052168736944249505,-0.00014571971902127123,-1.4571971902127123,2.2768729641693812,60.0,3.0,0.003,0.0035
301,SPY_compiled_strategy_301,253,0.826797385620915,0.4031620553359684,-0.04659808555372358,-0.055366619491917235,-0.0001880749343896589,-1.880749343896589,2.343873517786561,60.0,3.0,0.003,0.0038
302,SPY_compiled_strategy_302,222,0.7254901960784313,0.4009009009009009,-0.04228897995160219,-0.050268230513803136,-0.00019407449681231855,-1.9407449681231854,2.3603603603603602,60.0,3.0,0.003,0.004
303,SPY_compiled_strategy_303,193,0.630718954248366,0.37823834196891193,-0.035182817298437974,-0.041850758756308726,-0.00018511295598130882,-1.8511295598130881,2.471502590673575,60.0,3.0,0.003,0.0042
304,SPY_compiled_strategy_304,173,0.565359477124183,0.3583815028901734,-0.03431723945095355,-0.04082463256680213,-0.0002013616826958987,-2.013616826958987,2.4277456647398843,60.0,3.0,0.003,0.0045
305,SPY_compiled_strategy_305,308,1.0065359477124183,0.4090909090909091,-0.043033879954140986,-0.05114988930870845,-0.00014232298356470671,-1.4232298356470672,2.272727272727273,60.0,3.0,0.0035,0.0035
306,SPY_compiled_strategy_306,253,0.826797385620915,0.4031620553359684,-0.04659808555372358,-0.055366619491917235,-0.0001880749343896589,-1.880749343896589,2.343873517786561,60.0,3.0,0.0035,0.0038
307,SPY_compiled_strategy_307,222,0.7254901960784313,0.4009009009009009,-0.04228897995160219,-0.050268230513803136,-0.00019407449681231855,-1.9407449681231854,2.3603603603603602,60.0,3.0,0.0035,0.004
308,SPY_compiled_strategy_308,193,0.630718954248366,0.37823834196891193,-0.035182817298437974,-0.041850758756308726,-0.00018511295598130882,-1.8511295598130881,2.471502590673575,60.0,3.0,0.0035,0.0042
309,SPY_compiled_strategy_309,173,0.565359477124183,0.3583815028901734,-0.03431723945095355,-0.04082463256680213,-0.0002013616826958987,-2.013616826958987,2.4277456647398843,60.0,3.0,0.0035,0.0045
310,SPY_compiled_strategy_310,308,1.0065359477124183,0.4090909090909091,-0.043033879954140986,-0.05114988930870845,-0.00014232298356470671,-1.4232298356470672,2.272727272727273,60.0,3.0,0.004,0.0035
311,SPY_compiled_strategy_311,253,0.826797385620915,0.4031620553359684,-0.04659808555372358,-0.055366619491917235,-0.0001880749343896589,-1.880749343896589,2.343873517786561,60.0,3.0,0.004,0.0038
312,SPY_compiled_strategy_312,222,0.7254901960784313,0.4009009009009009,-0.04228897995160219,-0.050268230513803136,-0.00019407449681231855,-1.9407449681231854,2.3603603603603602,60.0,3.0,0.004,0.004
313,SPY_compiled_strategy_313,193,0.630718954248366,0.37823834196891193,-0.035182817298437974,-0.041850758756308726,-0.00018511295598130882,-1.8511295598130881,2.471502590673575,60.0,3.0,0.004,0.0042
314,SPY_compiled_strategy_314,173,0.565359477124183,0.3583815028901734,-0.03431723945095355,-0.04082463256680213,-0.0002013616826958987,-2.013616826958987,2.4277456647398843,60.0,3.0,0.004,0.0045
315,SPY_compiled_strategy_315,309,1.0098039215686274,0.4110032362459547,-0.04131616443023678,-0.04911661245784493,-0.00013605346064104716,-1.3605346064104717,2.2686084142394822,60.0,3.0,0.0045,0.0035
316,SPY_compiled_strategy_316,254,0.8300653594771242,0.40551181102362205,-0.04488676763487787,-0.053342378609720686,-0.0001802677118139276,-1.8026771181392762,2.338582677165354,60.0,3.0,0.0045,0.0038
317,SPY_compiled_strategy_317,223,0.7287581699346405,0.40358744394618834,-0.04056992736228904,-0.04823306436936625,-0.00018515506140129426,-1.8515506140129425,2.3542600896860986,60.0,3.0,0.0045,0.004
318,SPY_compiled_strategy_318,194,0.6339869281045751,0.38144329896907214,-0.033451009434250834,-0.039797554936293444,-0.00017490639641518825,-1.7490639641518826,2.463917525773196,60.0,3.0,0.0045,0.0042
319,SPY_compiled_strategy_319,174,0.5686274509803921,0.3620689655172414,-0.032583877909500014,-0.038769229876171485,-0.00018988857187669187,-1.8988857187669188,2.4195402298850577,60.0,3.0,0.0045,0.0045
320,SPY_compiled_strategy_320,307,1.0032679738562091,0.40716612377850164,-0.04389482856869498,-0.052168736944249505,-0.00014571971902127123,-1.4571971902127123,2.2768729641693812,60.0,4.0,0.003,0.0035
321,SPY_compiled_strategy_321,253,0.826797385620915,0.4031620553359684,-0.04659808555372358,-0.055366619491917235,-0.0001880749343896589,-1.880749343896589,2.343873517786561,60.0,4.0,0.003,0.0038
322,SPY_compiled_strategy_322,222,0.7254901960784313,0.4009009009009009,-0.04228897995160219,-0.050268230513803136,-0.00019407449681231855,-1.9407449681231854,2.3603603603603602,60.0,4.0,0.003,0.004
323,SPY_compiled_strategy_323,193,0.630718954248366,0.37823834196891193,-0.035182817298437974,-0.041850758756308726,-0.00018511295598130882,-1.8511295598130881,2.471502590673575,60.0,4.0,0.003,0.0042
324,SPY_compiled_strategy_324,173,0.565359477124183,0.3583815028901734,-0.03431723945095355,-0.04082463256680213,-0.0002013616826958987,-2.013616826958987,2.4277456647398843,60.0,4.0,0.003,0.0045
325,SPY_compiled_strategy_325,308,1.0065359477124183,0.4090909090909091,-0.043033879954140986,-0.05114988930870845,-0.00014232298356470671,-1.4232298356470672,2.272727272727273,60.0,4.0,0.0035,0.0035
326,SPY_compiled_strategy_326,253,0.826797385620915,0.4031620553359684,-0.04659808555372358,-0.055366619491917235,-0.0001880749343896589,-1.880749343896589,2.343873517786561,60.0,4.0,0.0035,0.0038
327,SPY_compiled_strategy_327,222,0.7254901960784313,0.4009009009009009,-0.04228897995160219,-0.050268230513803136,-0.00019407449681231855,-1.9407449681231854,2.3603603603603602,60.0,4.0,0.0035,0.004
328,SPY_compiled_strategy_328,193,0.630718954248366,0.37823834196891193,-0.035182817298437974,-0.041850758756308726,-0.00018511295598130882,-1.8511295598130881,2.471502590673575,60.0,4.0,0.0035,0.0042
329,SPY_compiled_strategy_329,173,0.565359477124183,0.3583815028901734,-0.03431723945095355,-0.04082463256680213,-0.0002013616826958987,-2.013616826958987,2.4277456647398843,60.0,4.0,0.0035,0.0045
330,SPY_compiled_strategy_330,308,1.0065359477124183,0.4090909090909091,-0.043033879954140986,-0.05114988930870845,-0.00014232298356470671,-1.4232298356470672,2.272727272727273,60.0,4.0,0.004,0.0035
331,SPY_compiled_strategy_331,253,0.826797385620915,0.4031620553359684,-0.04659808555372358,-0.055366619491917235,-0.0001880749343896589,-1.880749343896589,2.343873517786561,60.0,4.0,0.004,0.0038
332,SPY_compiled_strategy_332,222,0.7254901960784313,0.4009009009009009,-0.04228897995160219,-0.050268230513803136,-0.00019407449681231855,-1.9407449681231854,2.3603603603603602,60.0,4.0,0.004,0.004
333,SPY_compiled_strategy_333,193,0.630718954248366,0.37823834196891193,-0.035182817298437974,-0.041850758756308726,-0.00018511295598130882,-1.8511295598130881,2.471502590673575,60.0,4.0,0.004,0.0042
334,SPY_compiled_strategy_334,173,0.565359477124183,0.3583815028901734,-0.03431723945095355,-0.04082463256680213,-0.0002013616826958987,-2.013616826958987,2.4277456647398843,60.0,4.0,0.004,0.0045
335,SPY_compiled_strategy_335,309,1.0098039215686274,0.4110032362459547,-0.04131616443023678,-0.04911661245784493,-0.00013605346064104716,-1.3605346064104717,2.2686084142394822,60.0,4.0,0.0045,0.0035
336,SPY_compiled_strategy_336,254,0.8300653594771242,0.40551181102362205,-0.04488676763487787,-0.053342378609720686,-0.0001802677118139276,-1.8026771181392762,2.338582677165354,60.0,4.0,0.0045,0.0038
337,SPY_compiled_strategy_337,223,0.7287581699346405,0.40358744394618834,-0.04056992736228904,-0.04823306436936625,-0.00018515506140129426,-1.8515506140129425,2.3542600896860986,60.0,4.0,0.0045,0.004
338,SPY_compiled_strategy_338,194,0.6339869281045751,0.38144329896907214,-0.033451009434250834,-0.039797554936293444,-0.00017490639641518825,-1.7490639641518826,2.463917525773196,60.0,4.0,0.0045,0.0042
339,SPY_compiled_strategy_339,174,0.5686274509803921,0.3620689655172414,-0.032583877909500014,-0.038769229876171485,-0.00018988857187669187,-1.8988857187669188,2.4195402298850577,60.0,4.0,0.0045,0.0045
340,SPY_compiled_strategy_340,307,1.0032679738562091,0.40716612377850164,-0.04389482856869498,-0.052168736944249505,-0.00014571971902127123,-1.4571971902127123,2.2768729641693812,60.0,5.0,0.003,0.0035
341,SPY_compiled_strategy_341,253,0.826797385620915,0.4031620553359684,-0.04659808555372358,-0.055366619491917235,-0.0001880749343896589,-1.880749343896589,2.343873517786561,60.0,5.0,0.003,0.0038
342,SPY_compiled_strategy_342,222,0.7254901960784313,0.4009009009009009,-0.04228897995160219,-0.050268230513803136,-0.00019407449681231855,-1.9407449681231854,2.3603603603603602,60.0,5.0,0.003,0.004
343,SPY_compiled_strategy_343,193,0.630718954248366,0.37823834196891193,-0.035182817298437974,-0.041850758756308726,-0.00018511295598130882,-1.8511295598130881,2.471502590673575,60.0,5.0,0.003,0.0042
344,SPY_compiled_strategy_344,173,0.565359477124183,0.3583815028901734,-0.03431723945095355,-0.04082463256680213,-0.0002013616826958987,-2.013616826958987,2.4277456647398843,60.0,5.0,0.003,0.0045
345,SPY_compiled_strategy_345,308,1.0065359477124183,0.4090909090909091,-0.043033879954140986,-0.05114988930870845,-0.00014232298356470671,-1.4232298356470672,2.272727272727273,60.0,5.0,0.0035,0.0035
346,SPY_compiled_strategy_346,253,0.826797385620915,0.4031620553359684,-0.04659808555372358,-0.055366619491917235,-0.0001880749343896589,-1.880749343896589,2.343873517786561,60.0,5.0,0.0035,0.0038
347,SPY_compiled_strategy_347,222,0.7254901960784313,0.4009009009009009,-0.04228897995160219,-0.050268230513803136,-0.00019407449681231855,-1.9407449681231854,2.3603603603603602,60.0,5.0,0.0035,0.004
348,SPY_compiled_strategy_348,193,0.630718954248366,0.37823834196891193,-0.035182817298437974,-0.041850758756308726,-0.00018511295598130882,-1.8511295598130881,2.471502590673575,60.0,5.0,0.0035,0.0042
349,SPY_compiled_strategy_349,173,0.565359477124183,0.3583815028901734,-0.03431723945095355,-0.04082463256680213,-0.0002013616826958987,-2.013616826958987,2.4277456647398843,60.0,5.0,0.0035,0.0045
350,SPY_compiled_strategy_350,308,1.0065359477124183,0.4090909090909091,-0.043033879954140986,-0.05114988930870845,-0.00014232298356470671,-1.4232298356470672,2.272727272727273,60.0,5.0,0.004,0.0035
351,SPY_compiled_strategy_351,253,0.826797385620915,0.4031620553359684,-0.04659808555372358,-0.055366619491917235,-0.0001880749343896589,-1.880749343896589,2.343873517786561,60.0,5.0,0.004,0.0038
352,SPY_compiled_strategy_352,222,0.7254901960784313,0.4009009009009009,-0.04228897995160219,-0.050268230513803136,-0.00019407449681231855,-1.9407449681231854,2.3603603603603602,60.0,5.0,0.004,0.004
353,SPY_compiled_strategy_353,193,0.630718954248366,0.37823834196891193,-0.035182817298437974,-0.041850758756308726,-0.00018511295598130882,-1.8511295598130881,2.471502590673575,60.0,5.0,0.004,0.0042
354,SPY_compiled_strategy_354,173,0.565359477124183,0.3583815028901734,-0.03431723945095355,-0.04082463256680213,-0.0002013616826958987,-2.013616826958987,2.4277456647398843,60.0,5.0,0.004,0.0045
355,SPY_compiled_strategy_355,309,1.0098039215686274,0.4110032362459547,-0.04131616443023678,-0.04911661245784493,-0.00013605346064104716,-1.3605346064104717,2.2686084142394822,60.0,5.0,0.0045,0.0035
356,SPY_compiled_strategy_356,254,0.8300653594771242,0.40551181102362205,-0.04488676763487787,-0.053342378609720686,-0.0001802677118139276,-1.8026771181392762,2.338582677165354,60.0,5.0,0.0045,0.0038
357,SPY_compiled_strategy_357,223,0.7287581699346405,0.40358744394618834,-0.04056992736228904,-0.04823306436936625,-0.00018515506140129426,-1.8515506140129425,2.3542600896860986,60.0,5.0,0.0045,0.004
358,SPY_compiled_strategy_358,194,0.6339869281045751,0.38144329896907214,-0.033451009434250834,-0.039797554936293444,-0.00017490639641518825,-1.7490639641518826,2.463917525773196,60.0,5.0,0.0045,0.0042
359,SPY_compiled_strategy_359,174,0.5686274509803921,0.3620689655172414,-0.032583877909500014,-0.038769229876171485,-0.00018988857187669187,-1.8988857187669188,2.4195402298850577,60.0,5.0,0.0045,0.0045
