entry_time,exit_time,direction,entry_price,exit_price,pnl_pct,bars_held
2024-03-27 13:54:00+00:00,2024-03-27 14:15:00+00:00,long,521.03,520.345,-0.1314703567932618,21
2024-03-27 17:00:00+00:00,2024-03-27 17:03:00+00:00,long,520.17,520.34,0.03268162331546698,3
2024-03-27 17:05:00+00:00,2024-03-27 17:16:00+00:00,long,520.18,520.105,-0.014418086047129908,11
2024-03-27 17:51:00+00:00,2024-03-27 17:55:00+00:00,long,520.16,520.2399,0.01536065825900046,4
2024-03-28 14:28:00+00:00,2024-03-28 14:32:00+00:00,short,523.2899,523.11,0.03437864938726776,4
2024-03-28 14:35:00+00:00,2024-03-28 14:47:00+00:00,short,523.37,523.2719,0.018743909662388702,12
2024-03-28 15:07:00+00:00,2024-03-28 15:13:00+00:00,long,523.25,523.34,0.017200191113242447,6
2024-03-28 15:36:00+00:00,2024-03-28 15:48:00+00:00,long,523.415,523.5,0.01623950402644958,12
2024-03-28 16:29:00+00:00,2024-03-28 16:37:00+00:00,short,523.47,523.26,0.040116912143972616,8
2024-03-28 16:59:00+00:00,2024-03-28 17:02:00+00:00,short,523.35,523.22,0.024839973249257685,3
2024-03-28 17:05:00+00:00,2024-03-28 17:26:00+00:00,short,523.44,523.16,0.05349228182792709,21
2024-03-28 17:30:00+00:00,2024-03-28 17:33:00+00:00,long,523.005,523.1099,0.020057169625542492,3
2024-03-28 17:38:00+00:00,2024-03-28 17:53:00+00:00,short,523.26,523.31,-0.009555479111722498,15
2024-03-28 18:01:00+00:00,2024-03-28 18:05:00+00:00,long,523.165,523.355,0.03631741420011547,4
2024-03-28 18:40:00+00:00,2024-03-28 18:47:00+00:00,long,523.35,523.32,-0.005732301519056904,7
2024-03-28 19:38:00+00:00,2024-03-28 19:51:00+00:00,long,523.935,523.99,0.010497485375116078,13
2024-04-01 16:55:00+00:00,2024-04-01 17:27:00+00:00,long,521.9901,521.52,-0.0900591792832861,32
2024-04-01 18:56:00+00:00,2024-04-01 19:11:00+00:00,long,521.92,521.99,0.013412017167402368,15
2024-04-01 19:23:00+00:00,2024-04-01 19:46:00+00:00,long,521.86,521.975,0.02203656152990341,23
2024-04-02 15:39:00+00:00,2024-04-02 15:43:00+00:00,long,517.425,517.5799,0.02993670580277996,4
2024-04-02 18:36:00+00:00,2024-04-02 18:40:00+00:00,long,517.8,517.96,0.03089996137506379,4
2024-04-03 13:58:00+00:00,2024-04-03 14:34:00+00:00,long,518.275,520.46,0.42159085427622145,36
2024-04-03 15:45:00+00:00,2024-04-03 16:09:00+00:00,long,520.66,520.08,-0.11139707294586243,24
2024-04-03 17:39:00+00:00,2024-04-03 17:42:00+00:00,long,520.41,520.595,0.035548894141168574,3
2024-04-04 13:51:00+00:00,2024-04-04 14:00:00+00:00,long,522.8,522.9412,0.027008416220364317,9
2024-04-04 14:19:00+00:00,2024-04-04 14:27:00+00:00,long,522.8,522.805,0.0009563886763652718,8
2024-04-04 15:08:00+00:00,2024-04-04 15:23:00+00:00,long,522.6216,522.55,-0.01370016088121373,15
2024-04-04 16:33:00+00:00,2024-04-04 16:36:00+00:00,long,523.41,523.49,0.015284385090086339,3
2024-04-04 16:40:00+00:00,2024-04-04 16:41:00+00:00,short,523.57,523.495,0.014324732127513062,1
2024-04-05 14:07:00+00:00,2024-04-05 14:17:00+00:00,long,515.16,515.9,0.14364469291094917,10
2024-04-05 15:15:00+00:00,2024-04-05 15:20:00+00:00,long,516.84,517.1412,0.05827722312514716,5
2024-04-05 16:31:00+00:00,2024-04-05 16:38:00+00:00,long,519.27,519.54,0.05199607140793372,7
2024-04-05 18:28:00+00:00,2024-04-05 18:36:00+00:00,long,518.055,518.44,0.0743164335833324,8
2024-04-08 14:03:00+00:00,2024-04-08 14:09:00+00:00,long,518.37,518.635,0.051121785597163516,6
2024-04-08 18:24:00+00:00,2024-04-08 18:26:00+00:00,long,518.99,519.32,0.06358504017418554,2
2024-04-09 16:51:00+00:00,2024-04-09 17:02:00+00:00,long,517.18,517.0,-0.03480413009009364,11
2024-04-10 18:23:00+00:00,2024-04-10 18:36:00+00:00,long,513.36,513.39,0.005843852267406469,13
2024-04-10 19:33:00+00:00,2024-04-10 19:41:00+00:00,long,513.47,514.16,0.13437980797319504,8
2024-04-10 20:00:00+00:00,2024-04-11 13:36:00+00:00,long,513.87,514.8098,0.18288672232276149,7
2024-04-11 14:00:00+00:00,2024-04-11 14:23:00+00:00,long,514.06,512.8401,-0.23730692915222562,23
2024-04-11 14:59:00+00:00,2024-04-11 15:06:00+00:00,long,513.22,513.53,0.06040294610496488,7
2024-04-11 17:39:00+00:00,2024-04-11 17:43:00+00:00,long,517.21,517.58,0.07153767328551552,4
2024-04-11 18:48:00+00:00,2024-04-11 19:03:00+00:00,long,518.94,518.86,-0.015416040390037189,15
2024-04-11 19:07:00+00:00,2024-04-11 19:11:00+00:00,short,519.19,518.93,0.05007800612494284,4
2024-04-12 18:01:00+00:00,2024-04-12 18:12:00+00:00,long,510.07,510.87,0.1568412178720502,11
2024-04-12 18:24:00+00:00,2024-04-12 18:42:00+00:00,long,510.5903,510.26,-0.06468983057453803,18
2024-04-12 19:38:00+00:00,2024-04-12 19:40:00+00:00,long,509.34,509.67,0.06478972788315218,2
2024-04-15 16:17:00+00:00,2024-04-15 16:48:00+00:00,long,512.12,510.0,-0.4139654768413714,31
2024-04-16 16:37:00+00:00,2024-04-16 16:42:00+00:00,long,504.32,504.6,0.05552030456852375,5
2024-04-16 19:16:00+00:00,2024-04-16 19:21:00+00:00,long,504.73,505.23,0.09906286529430819,5
2024-04-17 13:51:00+00:00,2024-04-17 14:32:00+00:00,long,505.07,504.19,-0.17423327459560323,41
2024-04-17 17:46:00+00:00,2024-04-17 17:48:00+00:00,long,501.2,501.5928,0.07837190742219224,2
2024-04-17 18:14:00+00:00,2024-04-17 18:18:00+00:00,long,501.88,502.1,0.04383517972423867,4
2024-04-18 15:29:00+00:00,2024-04-18 15:56:00+00:00,long,503.21,502.84,-0.07352795055741712,27
2024-04-19 17:28:00+00:00,2024-04-19 17:42:00+00:00,long,496.83,496.94,0.022140369945455873,14
2024-04-19 19:35:00+00:00,2024-04-19 19:37:00+00:00,long,494.61,495.02,0.08289359293178755,2
2024-04-19 19:40:00+00:00,2024-04-19 19:47:00+00:00,long,494.37,494.71,0.06877439974108945,7
2024-04-22 14:20:00+00:00,2024-04-22 14:37:00+00:00,long,497.1987,496.76,-0.08823434172293698,17
2024-04-22 16:31:00+00:00,2024-04-22 16:37:00+00:00,long,497.41,497.655,0.049255141633652855,6
2024-04-22 18:39:00+00:00,2024-04-22 18:56:00+00:00,long,501.785,501.28,-0.10064071265583063,17
2024-04-23 15:32:00+00:00,2024-04-23 15:35:00+00:00,long,504.52,504.87,0.06937286926187447,3
2024-04-23 16:54:00+00:00,2024-04-23 17:04:00+00:00,long,505.221,505.275,0.010688391812685438,10
2024-04-24 13:55:00+00:00,2024-04-24 14:05:00+00:00,long,506.5817,506.555,-0.005270620711328444,10
2024-04-25 18:24:00+00:00,2024-04-25 18:54:00+00:00,long,503.16,501.98,-0.23451784720566193,30
2024-04-25 19:37:00+00:00,2024-04-25 19:53:00+00:00,long,503.51,503.085,-0.08440745963337326,16
2024-04-26 14:28:00+00:00,2024-04-26 14:32:00+00:00,long,508.3821,508.53,0.029092291014976013,4
2024-04-26 16:00:00+00:00,2024-04-26 16:09:00+00:00,long,508.255,508.56,0.060009247326631154,9
2024-04-26 17:40:00+00:00,2024-04-26 17:45:00+00:00,long,509.41,509.5391,0.025343043913550467,5
2024-04-29 17:54:00+00:00,2024-04-29 18:15:00+00:00,long,510.2001,509.9399,-0.050999598000867064,21
2024-05-01 15:08:00+00:00,2024-05-01 15:22:00+00:00,long,500.975,500.6,-0.07485403463246554,14
2024-05-01 16:40:00+00:00,2024-05-01 16:53:00+00:00,long,500.61,500.6461,0.007211202333157196,13
2024-05-01 19:20:00+00:00,2024-05-01 19:24:00+00:00,long,506.33,506.9701,0.12641952876581986,4
2024-05-02 15:26:00+00:00,2024-05-02 15:41:00+00:00,long,502.47,502.19,-0.05572471988377625,15
2024-05-03 14:01:00+00:00,2024-05-03 14:17:00+00:00,long,510.3,510.05,-0.04899078973152893,16
2024-05-03 19:37:00+00:00,2024-05-03 19:42:00+00:00,short,511.72,511.4799,0.04692019072931597,5
2024-05-06 15:35:00+00:00,2024-05-06 15:36:00+00:00,short,514.29,514.13,0.031110851854010413,1
2024-05-06 16:00:00+00:00,2024-05-06 16:25:00+00:00,long,514.215,514.015,-0.03889423684646509,25
2024-05-06 18:21:00+00:00,2024-05-06 18:22:00+00:00,long,514.98,515.104,0.02407860499438197,1
2024-05-07 13:50:00+00:00,2024-05-07 13:54:00+00:00,long,517.3,517.51,0.04059539918810362,4
2024-05-07 13:57:00+00:00,2024-05-07 14:06:00+00:00,long,517.25,517.32,0.013533107781538156,9
2024-05-07 15:23:00+00:00,2024-05-07 15:31:00+00:00,long,517.9499,518.04,0.01739550485482244,8
2024-05-07 17:40:00+00:00,2024-05-07 18:03:00+00:00,long,518.11,517.31,-0.15440736523133491,23
2024-05-07 19:18:00+00:00,2024-05-07 19:20:00+00:00,long,516.83,517.015,0.03579513573126469,2
2024-05-07 19:40:00+00:00,2024-05-07 19:41:00+00:00,short,517.32,517.154,0.03208845588804632,1
2024-05-08 13:49:00+00:00,2024-05-08 14:05:00+00:00,short,516.2951,516.36,-0.012570330417616127,16
2024-05-08 14:12:00+00:00,2024-05-08 14:17:00+00:00,long,516.09,516.39,0.05812939603555556,5
2024-05-08 15:10:00+00:00,2024-05-08 15:23:00+00:00,long,517.05,517.0,-0.009670244657178362,13
2024-05-08 15:42:00+00:00,2024-05-08 15:51:00+00:00,long,516.875,516.91,0.00677146311971466,9
2024-05-08 16:02:00+00:00,2024-05-08 16:04:00+00:00,short,516.995,516.88,0.022243928858112216,2
2024-05-08 17:42:00+00:00,2024-05-08 18:05:00+00:00,short,516.63,516.94,-0.0600042583667415,23
2024-05-08 18:56:00+00:00,2024-05-08 19:08:00+00:00,long,517.0303,516.9968,-0.006479310787010917,12
2024-05-10 14:00:00+00:00,2024-05-10 14:38:00+00:00,long,521.93,520.94,-0.18968060851070057,38
2024-05-10 15:28:00+00:00,2024-05-10 15:32:00+00:00,short,520.6162,520.43,0.0357653104148703,4
2024-05-10 17:36:00+00:00,2024-05-10 17:38:00+00:00,short,520.315,520.165,0.02882869031262114,2
2024-05-10 19:44:00+00:00,2024-05-13 13:39:00+00:00,long,520.87,521.5494,0.13043561733254716,26
2024-05-13 13:59:00+00:00,2024-05-13 14:10:00+00:00,short,521.695,521.565,0.024918774379667497,11
2024-05-13 14:55:00+00:00,2024-05-13 14:57:00+00:00,long,521.225,521.315,0.017267015204569525,2
2024-05-13 15:02:00+00:00,2024-05-13 15:06:00+00:00,long,521.1,521.21,0.021109192093660134,4
2024-05-13 15:53:00+00:00,2024-05-13 16:14:00+00:00,short,521.04,521.16,-0.023030861354222942,21
2024-05-13 16:37:00+00:00,2024-05-13 16:50:00+00:00,long,521.195,521.2301,0.0067345235468474485,13
2024-05-13 17:39:00+00:00,2024-05-13 17:55:00+00:00,long,520.5599,520.54,-0.003822806943065693,16
2024-05-13 17:58:00+00:00,2024-05-13 18:06:00+00:00,short,520.69,520.4987,0.03673971076841864,8
2024-05-14 13:59:00+00:00,2024-05-14 14:02:00+00:00,long,521.3,521.52,0.04220218684058974,3
2024-05-14 14:56:00+00:00,2024-05-14 15:20:00+00:00,short,521.43,521.71,-0.053698483017861065,24
2024-05-14 16:59:00+00:00,2024-05-14 17:02:00+00:00,short,520.98,520.865,0.02207378402242499,3
2024-05-14 17:05:00+00:00,2024-05-14 17:12:00+00:00,long,520.66,520.77,0.021127031075951486,7
2024-05-14 17:22:00+00:00,2024-05-14 17:50:00+00:00,short,520.85,521.24,-0.07487760391666765,28
2024-05-15 13:49:00+00:00,2024-05-15 13:59:00+00:00,long,525.7111,525.67,-0.007817982157887204,10
2024-05-15 16:27:00+00:00,2024-05-15 16:42:00+00:00,short,527.9997,528.08,-0.01520834197445975,15
2024-05-15 19:10:00+00:00,2024-05-15 19:14:00+00:00,short,529.05,528.89,0.03024288819581944,4
2024-05-16 14:06:00+00:00,2024-05-16 14:10:00+00:00,long,529.965,530.17,0.038681799741469014,4
2024-05-16 16:48:00+00:00,2024-05-16 17:01:00+00:00,short,530.62,530.62,-0.0,13
2024-05-17 14:02:00+00:00,2024-05-17 14:15:00+00:00,short,528.9,528.665,0.04443183966723607,13
2024-05-17 15:52:00+00:00,2024-05-17 16:05:00+00:00,short,528.63,528.72,-0.017025140457405108,13
2024-05-17 17:16:00+00:00,2024-05-17 17:26:00+00:00,long,528.685,528.68,-0.0009457427390557882,10
2024-05-17 17:39:00+00:00,2024-05-17 17:46:00+00:00,short,528.825,528.71,0.021746324398430605,7
2024-05-17 18:48:00+00:00,2024-05-17 19:10:00+00:00,short,528.205,528.79,-0.11075245406610978,22
2024-05-17 19:43:00+00:00,2024-05-17 19:50:00+00:00,long,529.005,529.09,0.016067901059546585,7
2024-05-20 15:16:00+00:00,2024-05-20 15:39:00+00:00,long,531.05,531.37,0.06025797947464273,23
2024-05-20 16:02:00+00:00,2024-05-20 16:09:00+00:00,short,531.13,531.075,0.01035528025152832,7
2024-05-20 16:38:00+00:00,2024-05-20 17:01:00+00:00,short,530.97,531.09,-0.022600146900964013,23
2024-05-20 17:20:00+00:00,2024-05-20 17:43:00+00:00,long,530.96,530.3907,-0.10722088292903775,23
2024-05-20 18:26:00+00:00,2024-05-20 18:47:00+00:00,short,530.07,530.235,-0.031127964231125738,21
2024-05-20 18:51:00+00:00,2024-05-20 19:08:00+00:00,long,530.09,530.04,-0.00943236054256058,17
2024-05-21 14:54:00+00:00,2024-05-21 14:59:00+00:00,long,530.235,530.36,0.023574452836938597,5
2024-05-21 19:00:00+00:00,2024-05-21 19:07:00+00:00,short,530.46,530.345,0.02167929721373918,7
2024-05-22 15:22:00+00:00,2024-05-22 15:59:00+00:00,long,531.0786,530.71,-0.0694059222118959,37
2024-05-22 16:32:00+00:00,2024-05-22 16:35:00+00:00,long,530.86,530.995,0.025430433635986738,3
2024-05-22 18:47:00+00:00,2024-05-22 19:15:00+00:00,short,528.38,528.63,-0.047314432794576256,28
2024-05-22 19:18:00+00:00,2024-05-22 19:23:00+00:00,long,528.47,528.6285,0.02999224175450621,5
2024-05-23 13:50:00+00:00,2024-05-23 14:00:00+00:00,long,530.53,530.41,-0.022618890543424364,10
2024-05-23 14:10:00+00:00,2024-05-23 14:18:00+00:00,short,530.71,530.45,0.048990974355112016,8
2024-05-23 14:37:00+00:00,2024-05-23 14:43:00+00:00,short,530.66,530.43,0.04334225304338801,6
2024-05-24 13:50:00+00:00,2024-05-24 14:13:00+00:00,long,527.0891,527.77,0.12918119536144967,23
2024-05-24 14:43:00+00:00,2024-05-24 15:20:00+00:00,long,528.14,529.905,0.33419169159691897,37
2024-05-24 15:29:00+00:00,2024-05-24 15:32:00+00:00,long,529.7,529.955,0.048140456862366676,3
2024-05-24 15:36:00+00:00,2024-05-24 15:43:00+00:00,long,529.535,529.58,0.008498021849367987,7
2024-05-24 16:53:00+00:00,2024-05-24 17:00:00+00:00,short,529.6797,529.44,0.04525376373682999,7
2024-05-24 17:15:00+00:00,2024-05-24 17:30:00+00:00,short,529.57,529.5701,-1.8883244901068963e-05,15
2024-05-24 17:55:00+00:00,2024-05-24 18:14:00+00:00,short,529.615,529.87,-0.048148183114138376,19
2024-05-24 18:21:00+00:00,2024-05-24 18:38:00+00:00,long,529.71,529.49,-0.04153215910592811,17
2024-05-28 14:37:00+00:00,2024-05-28 14:56:00+00:00,long,529.31,529.78,0.08879484612043242,19
2024-05-28 16:07:00+00:00,2024-05-28 16:10:00+00:00,long,529.8401,529.985,0.027347873443339665,3
2024-05-28 18:55:00+00:00,2024-05-28 19:12:00+00:00,short,527.84,528.25,-0.07767505304636657,17
2024-05-28 19:49:00+00:00,2024-05-28 19:50:00+00:00,long,528.48,528.7,0.041628822282779865,1
2024-05-29 13:50:00+00:00,2024-05-29 14:03:00+00:00,short,526.08,526.17,-0.017107664233551034,13
2024-05-29 16:19:00+00:00,2024-05-29 16:43:00+00:00,short,526.469,526.855,-0.07331865693895878,24
2024-05-29 18:18:00+00:00,2024-05-29 18:26:00+00:00,long,526.775,526.835,0.011390062170768545,8
2024-05-29 19:14:00+00:00,2024-05-29 19:31:00+00:00,short,526.46,526.63,-0.032291152224273034,17
2024-05-30 14:04:00+00:00,2024-05-30 14:22:00+00:00,short,524.7178,524.1901,0.10056834359344347,18
2024-05-30 17:48:00+00:00,2024-05-30 17:58:00+00:00,long,524.79,524.765,-0.004763810286012582,10
2024-05-31 14:56:00+00:00,2024-05-31 15:01:00+00:00,short,521.01,520.66,0.06717721348918904,5
2024-05-31 16:39:00+00:00,2024-05-31 16:50:00+00:00,short,519.2,519.18,0.0038520801232899693,11
2024-06-03 13:50:00+00:00,2024-06-03 14:00:00+00:00,long,528.5,528.496,-0.0007568590350115478,10
2024-06-03 14:32:00+00:00,2024-06-03 14:41:00+00:00,long,527.8,527.7174,-0.015649867374001314,9
2024-06-03 15:12:00+00:00,2024-06-03 15:17:00+00:00,short,526.35,526.07,0.053196542224753784,5
2024-06-03 15:36:00+00:00,2024-06-03 15:38:00+00:00,short,526.68,526.36,0.06075795549478347,2
2024-06-03 16:00:00+00:00,2024-06-03 16:30:00+00:00,short,526.3557,524.17,0.41525151147788764,30
2024-06-03 19:38:00+00:00,2024-06-03 19:45:00+00:00,long,525.95,526.08,0.02471717843901544,7
2024-06-04 14:28:00+00:00,2024-06-04 14:34:00+00:00,short,526.9251,526.72,0.03892393814605155,6
2024-06-04 15:20:00+00:00,2024-06-04 15:26:00+00:00,short,526.43,526.16,0.05128887031513596,6
2024-06-04 17:03:00+00:00,2024-06-04 17:11:00+00:00,long,526.1399,526.3001,0.030448175475772388,8
2024-06-04 18:58:00+00:00,2024-06-04 19:15:00+00:00,long,528.4,527.48,-0.17411052233156088,17
2024-06-05 13:50:00+00:00,2024-06-05 13:52:00+00:00,long,529.64,530.065,0.08024318404955544,2
2024-06-05 14:02:00+00:00,2024-06-05 14:04:00+00:00,long,529.57,529.85,0.052873085711047096,2
2024-06-05 16:00:00+00:00,2024-06-05 16:10:00+00:00,long,531.8999,532.03,0.024459489464079276,10
2024-06-05 16:22:00+00:00,2024-06-05 16:46:00+00:00,short,532.11,532.49,-0.07141380541617615,24
2024-06-06 18:40:00+00:00,2024-06-06 19:03:00+00:00,short,533.83,534.37,-0.10115579866247781,23
2024-06-06 19:13:00+00:00,2024-06-06 19:28:00+00:00,long,534.29,534.33,0.007486570963344263,15
2024-06-07 15:23:00+00:00,2024-06-07 15:36:00+00:00,short,534.74,534.93,-0.03553128623254853,13
2024-06-07 19:00:00+00:00,2024-06-07 19:02:00+00:00,long,534.77,535.22,0.08414832544834105,2
2024-06-10 16:43:00+00:00,2024-06-10 16:54:00+00:00,short,534.97,534.89,0.014954109576248431,11
2024-06-11 17:22:00+00:00,2024-06-11 17:30:00+00:00,long,534.2,534.385,0.03463122426057286,8
2024-06-11 18:53:00+00:00,2024-06-11 18:59:00+00:00,long,535.96,536.2,0.04477946115382103,6
2024-06-11 19:38:00+00:00,2024-06-11 19:47:00+00:00,short,536.18,536.075,0.01958297586629465,9
2024-06-12 14:43:00+00:00,2024-06-12 14:48:00+00:00,long,543.25,543.6,0.06442705936493542,5
2024-06-12 18:35:00+00:00,2024-06-12 18:37:00+00:00,long,542.07,542.52,0.08301510874977325,2
2024-06-12 19:51:00+00:00,2024-06-12 19:59:00+00:00,short,541.785,541.34,0.0821359026181856,8
2024-06-13 15:59:00+00:00,2024-06-13 16:14:00+00:00,long,541.21,540.7801,-0.07943312207832065,15
2024-06-14 14:21:00+00:00,2024-06-14 14:30:00+00:00,short,541.14,540.75,0.07207007428761125,9
2024-06-14 15:09:00+00:00,2024-06-14 15:21:00+00:00,long,540.7796,541.2,0.07773961887618253,12
2024-06-14 19:42:00+00:00,2024-06-14 19:55:00+00:00,long,542.1,542.0799,-0.003707802988395237,13
2024-06-17 14:27:00+00:00,2024-06-17 14:31:00+00:00,long,542.295,542.49,0.03595828838547366,4
2024-06-17 15:34:00+00:00,2024-06-17 15:42:00+00:00,long,543.63,543.74,0.020234350569325876,8
2024-06-17 18:44:00+00:00,2024-06-17 18:48:00+00:00,long,547.78,547.88,0.01825550403447007,4
2024-06-17 19:10:00+00:00,2024-06-17 19:30:00+00:00,short,547.84,548.19,-0.06388726635513375,20
2024-06-17 19:35:00+00:00,2024-06-17 19:41:00+00:00,long,547.97,548.09,0.021899009069836772,6
2024-06-18 14:19:00+00:00,2024-06-18 14:28:00+00:00,long,547.56,547.54,-0.0036525677551302316,9
2024-06-18 15:36:00+00:00,2024-06-18 15:55:00+00:00,short,547.2,547.53,-0.06030701754384804,19
2024-06-18 16:18:00+00:00,2024-06-18 16:35:00+00:00,long,547.5527,547.5,-0.00962464434929311,17
2024-06-20 14:46:00+00:00,2024-06-20 14:51:00+00:00,long,548.795,548.97,0.031888045627259665,5
2024-06-20 15:19:00+00:00,2024-06-20 15:33:00+00:00,long,549.0578,548.95,-0.019633634200255656,14
2024-06-20 17:01:00+00:00,2024-06-20 17:11:00+00:00,long,546.73,546.565,-0.030179430431831467,10
2024-06-20 17:43:00+00:00,2024-06-20 18:12:00+00:00,short,546.395,547.48,-0.1985742914924149,29
2024-06-20 18:59:00+00:00,2024-06-20 19:14:00+00:00,long,547.18,546.92,-0.04751635659198117,15
2024-06-21 14:00:00+00:00,2024-06-21 14:22:00+00:00,short,544.2999,544.405,-0.01930920803034919,22
2024-06-21 14:30:00+00:00,2024-06-21 14:37:00+00:00,long,544.05,544.2399,0.03490488006618886,7
2024-06-21 15:46:00+00:00,2024-06-21 16:08:00+00:00,short,544.84,545.365,-0.09635856398209075,22
2024-06-21 16:24:00+00:00,2024-06-21 16:32:00+00:00,long,545.16,545.295,0.024763372220992785,8
2024-06-21 17:51:00+00:00,2024-06-21 17:58:00+00:00,short,544.21,544.08,0.02388783741570366,7
2024-06-21 18:37:00+00:00,2024-06-21 18:45:00+00:00,long,544.2399,544.455,0.03952301181886497,8
2024-06-21 19:02:00+00:00,2024-06-21 19:14:00+00:00,short,544.47,544.5,-0.005509945451542819,12
2024-06-24 19:45:00+00:00,2024-06-25 13:31:00+00:00,long,543.93,543.53,-0.07353887448752205,17
2024-06-25 13:57:00+00:00,2024-06-25 14:02:00+00:00,long,543.25,543.52,0.04970087436722004,5
2024-06-25 14:45:00+00:00,2024-06-25 14:59:00+00:00,long,543.76,543.665,-0.0174709430631248,14
2024-06-25 17:10:00+00:00,2024-06-25 18:03:00+00:00,short,543.17,543.96,-0.1454424949831612,53
2024-06-25 19:16:00+00:00,2024-06-25 19:31:00+00:00,short,544.64,544.69,-0.009180376028217196,15
2024-06-26 13:49:00+00:00,2024-06-26 13:58:00+00:00,short,544.07,544.04,0.005513996360773099,9
2024-06-26 14:27:00+00:00,2024-06-26 14:43:00+00:00,long,544.2301,544.07,-0.02941770401893029,16
2024-06-26 17:11:00+00:00,2024-06-26 17:17:00+00:00,short,544.865,544.735,0.023859121066682754,6
2024-06-26 19:22:00+00:00,2024-06-26 19:42:00+00:00,short,544.62,544.725,-0.019279497631385922,20
2024-06-27 14:45:00+00:00,2024-06-27 15:12:00+00:00,long,546.24,545.69,-0.10068834212066946,27
2024-06-27 18:47:00+00:00,2024-06-27 19:06:00+00:00,short,544.99,545.32,-0.06055156975357523,19
2024-06-27 19:48:00+00:00,2024-06-27 19:51:00+00:00,long,545.54,545.7,0.029328738497658158,3
2024-06-28 14:40:00+00:00,2024-06-28 14:46:00+00:00,long,549.43,549.57,0.025480952987666505,6
2024-06-28 15:22:00+00:00,2024-06-28 15:25:00+00:00,short,548.155,547.72,0.07935711614414087,3
2024-06-28 16:03:00+00:00,2024-06-28 16:23:00+00:00,long,547.55,546.67,-0.16071591635467009,20
2024-06-28 17:06:00+00:00,2024-06-28 17:26:00+00:00,short,546.46,546.78,-0.05855872341982149,20
2024-06-28 17:28:00+00:00,2024-06-28 17:53:00+00:00,long,546.5,546.03,-0.08600182982617666,25
2024-06-28 18:06:00+00:00,2024-06-28 18:19:00+00:00,short,546.33,546.275,0.01006717551663705,13
2024-07-01 15:11:00+00:00,2024-07-01 15:22:00+00:00,short,543.68,543.5,0.033107710417878966,11
2024-07-01 15:44:00+00:00,2024-07-01 15:49:00+00:00,long,543.7099,544.04,0.06071252335115851,5
2024-07-01 17:55:00+00:00,2024-07-01 18:06:00+00:00,long,544.905,544.89,-0.0027527734192123177,11
2024-07-01 19:06:00+00:00,2024-07-01 19:15:00+00:00,short,545.0,544.915,0.015596330275235992,9
2024-07-02 14:30:00+00:00,2024-07-02 14:42:00+00:00,short,545.525,545.41,0.02108061042115361,12
2024-07-02 15:16:00+00:00,2024-07-02 15:44:00+00:00,long,545.6942,546.22,0.09635433178509789,28
2024-07-02 15:55:00+00:00,2024-07-02 16:15:00+00:00,long,546.07,545.49,-0.10621348911312722,20
2024-07-02 17:30:00+00:00,2024-07-02 17:34:00+00:00,long,546.53,546.7001,0.031123634567187253,4
2024-07-02 19:03:00+00:00,2024-07-02 19:12:00+00:00,long,547.5699,547.68,0.02010702195280878,9
2024-07-02 19:49:00+00:00,2024-07-02 19:50:00+00:00,long,547.94,548.08,0.02555024272730133,1
2024-07-03 14:25:00+00:00,2024-07-03 14:32:00+00:00,long,549.36,549.4601,0.01822120285424056,7
2024-07-03 15:51:00+00:00,2024-07-03 16:30:00+00:00,short,550.205,550.95,-0.13540407666232657,39
2024-07-03 16:33:00+00:00,2024-07-03 16:39:00+00:00,long,550.735,551.0199,0.05173086874812327,6
2024-07-03 17:17:00+00:00,2024-07-03 17:34:00+00:00,long,551.2,551.15,-0.00907111756169865,17
2024-07-03 18:46:00+00:00,2024-07-03 18:49:00+00:00,long,551.05,551.15,0.018147173577709452,2
2024-07-05 15:00:00+00:00,2024-07-05 15:05:00+00:00,long,552.26,552.5,0.04345779161989416,5
2024-07-05 16:04:00+00:00,2024-07-05 16:10:00+00:00,long,553.301,553.4702,0.03058010016245838,6
2024-07-05 16:52:00+00:00,2024-07-05 17:06:00+00:00,short,553.51,553.48,0.0054199562790180345,14
2024-07-05 18:01:00+00:00,2024-07-05 18:10:00+00:00,long,554.14,554.16,0.00360919623199063,9
2024-07-05 18:29:00+00:00,2024-07-05 18:34:00+00:00,long,554.04,554.16,0.021659085986569515,5
2024-07-05 19:18:00+00:00,2024-07-05 19:20:00+00:00,long,554.285,554.41,0.02255157545305586,2
2024-07-08 15:02:00+00:00,2024-07-08 15:13:00+00:00,short,555.32,555.28,0.0072030540949508115,11
2024-07-08 16:35:00+00:00,2024-07-08 16:44:00+00:00,short,554.69,554.6,0.01622527898466064,9
2024-07-08 19:17:00+00:00,2024-07-08 19:20:00+00:00,long,554.68,554.8127,0.023923703757122716,3
2024-07-09 16:35:00+00:00,2024-07-09 16:56:00+00:00,long,556.57,556.36,-0.03773110300592242,21
2024-07-09 19:21:00+00:00,2024-07-09 19:26:00+00:00,long,555.58,555.69,0.01979912883833812,5
2024-07-09 19:35:00+00:00,2024-07-09 19:44:00+00:00,short,555.86,555.815,0.008095563631127511,9
2024-07-10 14:21:00+00:00,2024-07-10 14:29:00+00:00,long,557.26,557.36,0.017944944909031868,8
2024-07-10 17:23:00+00:00,2024-07-10 17:27:00+00:00,long,559.29,559.44,0.026819717856585434,4
2024-07-10 18:35:00+00:00,2024-07-10 18:41:00+00:00,short,559.76,559.68,0.01429183935973688,6
2024-07-10 19:05:00+00:00,2024-07-10 19:08:00+00:00,long,559.765,559.96,0.034836047269837245,3
2024-07-10 19:27:00+00:00,2024-07-10 19:44:00+00:00,short,560.08,560.2175,-0.024550064276529504,17
2024-07-11 17:14:00+00:00,2024-07-11 17:24:00+00:00,short,556.78,556.6399,0.02516254175796151,10
2024-07-11 18:05:00+00:00,2024-07-11 18:07:00+00:00,short,556.235,556.01,0.04045052900303325,2
2024-07-11 18:13:00+00:00,2024-07-11 18:25:00+00:00,short,556.305,556.35,-0.008089087820550844,12
2024-07-12 16:36:00+00:00,2024-07-12 16:48:00+00:00,short,560.9399,560.78,0.028505727618943766,12
2024-07-12 18:20:00+00:00,2024-07-12 18:29:00+00:00,long,563.0,562.995,-0.0008880994671445208,9
2024-07-12 18:40:00+00:00,2024-07-12 18:50:00+00:00,short,563.1,563.03,0.012431184514305471,10
2024-07-15 17:23:00+00:00,2024-07-15 17:25:00+00:00,short,562.4202,562.17,0.04448631112468071,2
2024-07-15 17:52:00+00:00,2024-07-15 17:54:00+00:00,short,561.41,561.1901,0.039169234605718195,2
2024-07-15 18:22:00+00:00,2024-07-15 18:37:00+00:00,short,561.32,561.83,-0.09085726501816271,15
2024-07-15 19:29:00+00:00,2024-07-15 19:54:00+00:00,long,562.0699,560.78,-0.22949102949650912,25
2024-07-16 14:02:00+00:00,2024-07-16 14:18:00+00:00,long,562.68,562.455,-0.03998720409467138,16
2024-07-16 14:28:00+00:00,2024-07-16 14:56:00+00:00,short,562.85,563.35,-0.08883361463978279,28
2024-07-16 15:00:00+00:00,2024-07-16 15:02:00+00:00,long,563.13,563.39,0.04617051124962135,2
2024-07-16 15:52:00+00:00,2024-07-16 15:57:00+00:00,short,563.37,563.115,0.04526332605570005,5
2024-07-16 16:37:00+00:00,2024-07-16 16:40:00+00:00,short,562.99,562.72,0.0479582230590192,3
2024-07-16 16:48:00+00:00,2024-07-16 17:05:00+00:00,short,563.05,563.16,-0.019536453245727614,17
2024-07-16 17:14:00+00:00,2024-07-16 17:35:00+00:00,long,563.09,562.8999,-0.03376014491467405,21
2024-07-16 18:15:00+00:00,2024-07-16 18:20:00+00:00,long,562.925,563.05,0.022205444775069694,5
2024-07-16 19:25:00+00:00,2024-07-16 19:27:00+00:00,long,564.07,564.2601,0.03370149094970021,2
2024-07-16 19:33:00+00:00,2024-07-16 19:44:00+00:00,short,564.48,564.32,0.028344671201807614,11
2024-07-17 13:53:00+00:00,2024-07-17 13:59:00+00:00,short,560.25,559.875,0.0669344042838027,6
2024-07-17 15:09:00+00:00,2024-07-17 15:13:00+00:00,short,558.625,558.24,0.06891922130229933,4
2024-07-17 16:00:00+00:00,2024-07-17 16:02:00+00:00,short,558.46,558.18,0.050137879167722055,2
2024-07-17 16:53:00+00:00,2024-07-17 17:04:00+00:00,short,557.5999,557.625,-0.0045014355275041495,11
2024-07-17 17:50:00+00:00,2024-07-17 18:07:00+00:00,long,557.32,557.22,-0.01794301299075096,17
2024-07-17 18:10:00+00:00,2024-07-17 18:14:00+00:00,short,557.51,557.34,0.03049272658786073,4
2024-07-17 18:48:00+00:00,2024-07-17 19:00:00+00:00,long,557.56,557.68,0.021522347370694916,12
2024-07-17 19:12:00+00:00,2024-07-17 19:17:00+00:00,short,557.84,557.47,0.06632726229743868,5
2024-07-18 14:53:00+00:00,2024-07-18 15:03:00+00:00,short,557.44,556.71,0.1309557979334186,10
2024-07-18 16:09:00+00:00,2024-07-18 16:14:00+00:00,short,553.54,553.0,0.0975539256422242,5
2024-07-18 16:31:00+00:00,2024-07-18 16:47:00+00:00,short,553.33,553.69,-0.06506063289537511,16
2024-07-18 19:00:00+00:00,2024-07-18 19:04:00+00:00,short,552.69,552.1099,0.10495938048453723,4
2024-07-19 15:00:00+00:00,2024-07-19 15:20:00+00:00,short,551.8198,550.98,0.15218736261365384,20
2024-07-19 15:48:00+00:00,2024-07-19 16:13:00+00:00,short,549.87,551.02,-0.20914034226271472,25
2024-07-19 16:22:00+00:00,2024-07-19 16:41:00+00:00,long,550.43,549.68,-0.13625710807914082,19
2024-07-19 17:38:00+00:00,2024-07-19 17:40:00+00:00,short,548.93,548.561,0.06722168582513621,2
2024-07-19 19:31:00+00:00,2024-07-19 19:50:00+00:00,long,549.66,548.84,-0.14918313139030692,19
2024-07-19 20:00:00+00:00,2024-07-22 13:55:00+00:00,short,549.2201,553.7,-0.8156839125152304,26
2024-07-22 13:57:00+00:00,2024-07-22 14:13:00+00:00,long,552.84,552.26,-0.10491281383402384,16
2024-07-22 15:54:00+00:00,2024-07-22 16:06:00+00:00,short,551.85,551.6,0.04530216544350596,12
2024-07-22 19:26:00+00:00,2024-07-22 19:31:00+00:00,long,554.44,554.68,0.04328692013562119,5
2024-07-22 19:54:00+00:00,2024-07-23 13:34:00+00:00,long,554.646,554.66,0.0025241325097402623,11
2024-07-23 15:51:00+00:00,2024-07-23 16:00:00+00:00,long,556.1695,556.2705,0.018159931459749146,9
2024-07-23 17:48:00+00:00,2024-07-23 18:13:00+00:00,short,554.8899,555.3401,-0.08113321219218594,25
2024-07-23 19:05:00+00:00,2024-07-23 19:08:00+00:00,long,554.88,555.01,0.023428489042665035,3
2024-07-24 17:27:00+00:00,2024-07-24 17:34:00+00:00,long,544.3785,544.595,0.0397701231771741,7
2024-07-25 15:42:00+00:00,2024-07-25 15:44:00+00:00,long,542.49,542.946,0.08405684897416776,2
2024-07-25 16:51:00+00:00,2024-07-25 16:55:00+00:00,long,545.55,545.97,0.07698652735772527,4
2024-07-25 19:18:00+00:00,2024-07-25 19:33:00+00:00,short,541.65,542.596,-0.17465152773932235,15
2024-07-26 19:12:00+00:00,2024-07-26 19:16:00+00:00,short,544.08,543.71,0.06800470519041646,4
2024-07-29 15:26:00+00:00,2024-07-29 15:38:00+00:00,short,544.13,543.53,0.11026776689394557,12
2024-07-29 16:25:00+00:00,2024-07-29 16:30:00+00:00,long,545.91,546.4103,0.09164514297228532,5
2024-07-29 16:51:00+00:00,2024-07-29 16:58:00+00:00,long,545.98,546.3201,0.062291659035129676,7
2024-07-30 16:09:00+00:00,2024-07-30 16:10:00+00:00,short,541.1599,540.7199,0.08130683740609213,1
2024-07-30 16:38:00+00:00,2024-07-30 16:45:00+00:00,short,540.89,540.57,0.059161751927372386,7
2024-07-30 19:18:00+00:00,2024-07-30 19:31:00+00:00,short,541.65,541.53,0.02215452783163041,13
2024-07-31 16:46:00+00:00,2024-07-31 16:52:00+00:00,short,550.76,550.6,0.02905076621395608,6
2024-07-31 17:24:00+00:00,2024-07-31 17:44:00+00:00,long,550.52,549.56,-0.17438058562814218,20
2024-07-31 17:49:00+00:00,2024-07-31 18:02:00+00:00,short,549.99,550.13,-0.02545500827286773,13
2024-07-31 19:04:00+00:00,2024-07-31 19:16:00+00:00,long,552.34,552.65,0.05612485063546391,12
2024-07-31 19:43:00+00:00,2024-07-31 19:48:00+00:00,short,551.81,551.07,0.1341041300447432,5
2024-08-01 14:04:00+00:00,2024-08-01 14:56:00+00:00,long,553.21,548.195,-0.9065273585076139,52
2024-08-01 19:01:00+00:00,2024-08-01 19:15:00+00:00,short,540.2896,540.32,-0.0056266120984194146,14
2024-08-02 16:12:00+00:00,2024-08-02 16:15:00+00:00,long,531.1,531.955,0.16098663151948855,3
2024-08-02 17:13:00+00:00,2024-08-02 17:20:00+00:00,short,531.91,531.4,0.09588088210411572,7
2024-08-02 18:59:00+00:00,2024-08-02 19:09:00+00:00,long,530.91,531.34,0.08099301199828712,10
2024-08-02 19:55:00+00:00,2024-08-05 13:45:00+00:00,short,532.72,515.86,3.1648896230665247,21
2024-08-06 14:30:00+00:00,2024-08-06 14:34:00+00:00,long,522.39,523.3,0.17419935297382505,4
2024-08-06 15:10:00+00:00,2024-08-06 15:23:00+00:00,long,524.8,524.47,-0.06288109756096283,13
2024-08-06 18:56:00+00:00,2024-08-06 19:32:00+00:00,long,529.04,526.52,-0.47633449266595296,36
2024-08-07 14:17:00+00:00,2024-08-07 14:32:00+00:00,long,529.75,529.29,-0.0868334119867975,15
2024-08-07 16:21:00+00:00,2024-08-07 16:31:00+00:00,short,527.69,527.37,0.06064166461370313,10
2024-08-07 16:39:00+00:00,2024-08-07 17:22:00+00:00,long,527.15,523.47,-0.698093521767984,43
2024-08-07 19:27:00+00:00,2024-08-07 19:29:00+00:00,long,520.52,521.07,0.10566356720205228,2
2024-08-08 13:49:00+00:00,2024-08-08 13:52:00+00:00,long,522.32,523.54,0.23357328840556413,3
2024-08-08 15:10:00+00:00,2024-08-08 15:20:00+00:00,long,527.53,527.19,-0.06445131082590816,10
2024-08-08 19:28:00+00:00,2024-08-08 19:40:00+00:00,long,529.74,529.38,-0.06795786612300292,12
2024-08-09 14:03:00+00:00,2024-08-09 14:18:00+00:00,short,530.14,530.5601,-0.07924321877241791,15
2024-08-09 16:30:00+00:00,2024-08-09 16:47:00+00:00,short,530.54,530.74,-0.03769744034380906,17
2024-08-09 19:53:00+00:00,2024-08-09 19:56:00+00:00,long,532.51,532.9,0.07323806125705268,3
2024-08-12 15:49:00+00:00,2024-08-12 16:05:00+00:00,short,533.4,534.37,-0.18185226846645364,16
2024-08-12 17:17:00+00:00,2024-08-12 17:25:00+00:00,short,533.38,533.36,0.0037496719037077852,8
2024-08-12 18:13:00+00:00,2024-08-12 18:19:00+00:00,short,532.83,532.62,0.03941219525928075,6
2024-08-12 18:43:00+00:00,2024-08-12 18:46:00+00:00,short,533.04,532.83,0.039396668167479554,3
2024-08-12 18:52:00+00:00,2024-08-12 19:00:00+00:00,short,533.1804,532.985,0.03664800881651997,8
2024-08-12 19:13:00+00:00,2024-08-12 19:18:00+00:00,long,532.52,532.81,0.054458048523997604,5
2024-08-12 19:36:00+00:00,2024-08-12 19:50:00+00:00,long,532.44,532.275,-0.030989407257164814,14
2024-08-13 17:24:00+00:00,2024-08-13 17:25:00+00:00,long,540.67,540.775,0.01942034882644883,1
2024-08-13 17:30:00+00:00,2024-08-13 17:39:00+00:00,short,540.925,540.73,0.0360493598927647,9
2024-08-13 19:05:00+00:00,2024-08-13 19:26:00+00:00,long,541.065,541.05,-0.002772310166077041,21
2024-08-14 16:15:00+00:00,2024-08-14 16:33:00+00:00,long,544.275,542.99,-0.2360938863625872,18
2024-08-14 18:20:00+00:00,2024-08-14 18:47:00+00:00,short,543.27,543.55,-0.05153975003220346,27
2024-08-15 15:59:00+00:00,2024-08-15 16:02:00+00:00,long,551.61,551.855,0.04441543844382334,3
2024-08-15 16:39:00+00:00,2024-08-15 16:56:00+00:00,long,552.18,551.8199,-0.06521424173276946,17
2024-08-16 13:50:00+00:00,2024-08-16 13:58:00+00:00,short,552.44,552.24,0.03620302657303398,8
2024-08-16 14:32:00+00:00,2024-08-16 14:43:00+00:00,long,552.71,552.72,0.001809267065899789,11
2024-08-16 15:27:00+00:00,2024-08-16 15:34:00+00:00,short,552.73,552.5,0.0416116367846886,7
2024-08-16 17:47:00+00:00,2024-08-16 17:57:00+00:00,long,554.49,554.44,-0.009017295172131234,10
2024-08-19 15:17:00+00:00,2024-08-19 15:25:00+00:00,long,556.24,556.54,0.053933553861629235,8
2024-08-19 15:32:00+00:00,2024-08-19 15:40:00+00:00,short,556.7,556.6038,0.017280402371122605,8
2024-08-19 17:11:00+00:00,2024-08-19 17:18:00+00:00,long,557.14,557.19,0.008974404996964225,7
2024-08-19 17:41:00+00:00,2024-08-19 17:42:00+00:00,short,557.325,557.1499,0.03141793388059533,1
2024-08-19 18:20:00+00:00,2024-08-19 18:22:00+00:00,long,557.385,557.5127,0.02291055554060062,2
2024-08-19 19:19:00+00:00,2024-08-19 19:32:00+00:00,short,558.17,558.13,0.007166275507453079,13
2024-08-19 19:38:00+00:00,2024-08-19 19:40:00+00:00,long,557.96,558.09,0.02329916123020581,2
2024-08-20 15:20:00+00:00,2024-08-20 15:22:00+00:00,short,558.64,558.41,0.04117141629672583,2
2024-08-20 16:16:00+00:00,2024-08-20 16:29:00+00:00,long,558.65,558.585,-0.011635191980652326,13
2024-08-20 17:27:00+00:00,2024-08-20 17:30:00+00:00,short,558.2892,558.08,0.03747161865212956,3
2024-08-20 17:36:00+00:00,2024-08-20 17:38:00+00:00,long,557.78,558.02,0.04302771702104913,2
2024-08-20 18:44:00+00:00,2024-08-20 18:50:00+00:00,long,559.26,559.35,0.016092693916958112,6
2024-08-20 19:13:00+00:00,2024-08-20 19:26:00+00:00,long,558.895,558.89,-0.0008946224246075829,13
2024-08-21 15:10:00+00:00,2024-08-21 15:23:00+00:00,short,559.85,560.0,-0.02679289095293136,13
2024-08-21 15:30:00+00:00,2024-08-21 15:37:00+00:00,long,559.8,560.0,0.035727045373357136,7
2024-08-21 15:43:00+00:00,2024-08-21 16:08:00+00:00,long,559.62,558.65,-0.17333190379186236,25
2024-08-21 17:31:00+00:00,2024-08-21 17:42:00+00:00,short,560.215,559.92,0.052658354381818206,11
2024-08-21 17:42:00+00:00,2024-08-21 17:45:00+00:00,long,559.92,560.065,0.02589655665097279,3
2024-08-21 19:48:00+00:00,2024-08-22 13:45:00+00:00,short,560.168,562.59,-0.43237028891331963,28
2024-08-22 13:49:00+00:00,2024-08-22 13:54:00+00:00,long,562.14,562.53,0.06937773508377543,5
2024-08-22 15:02:00+00:00,2024-08-22 15:08:00+00:00,short,561.08,560.69,0.06950880444855922,6
2024-08-22 16:04:00+00:00,2024-08-22 17:09:00+00:00,short,558.33,557.58,0.1343291601740959,65
2024-08-22 18:11:00+00:00,2024-08-22 18:30:00+00:00,short,556.2341,556.74,-0.09095091437221203,19
2024-08-22 18:54:00+00:00,2024-08-22 19:01:00+00:00,long,556.47,556.56,0.01617337861878898,7
2024-08-22 19:20:00+00:00,2024-08-22 19:33:00+00:00,long,556.31,555.99,-0.05752188527977653,13
2024-08-22 19:49:00+00:00,2024-08-22 19:50:00+00:00,short,556.2215,555.8,0.07577916351669822,1
2024-08-23 15:44:00+00:00,2024-08-23 16:20:00+00:00,long,561.18,559.12,-0.36708364517622494,36
2024-08-23 18:22:00+00:00,2024-08-23 18:27:00+00:00,long,560.42,560.75,0.05888440812249485,5
2024-08-23 18:57:00+00:00,2024-08-23 19:08:00+00:00,long,560.74,560.71,-0.005350073117660337,11
2024-08-23 19:43:00+00:00,2024-08-23 19:49:00+00:00,long,561.35,561.695,0.06145898280931483,6
2024-08-26 13:54:00+00:00,2024-08-26 14:04:00+00:00,long,562.77,562.98,0.03731542193081694,10
2024-08-26 16:11:00+00:00,2024-08-26 16:12:00+00:00,short,560.2914,560.06,0.041299937853767066,1
2024-08-26 16:16:00+00:00,2024-08-26 16:54:00+00:00,short,560.33,561.3598,-0.18378455552976458,38
2024-08-26 17:08:00+00:00,2024-08-26 17:21:00+00:00,long,561.21,561.1826,-0.004882307870501812,13
2024-08-26 18:54:00+00:00,2024-08-26 18:55:00+00:00,long,560.398,560.6925,0.05255193630240296,1
2024-08-26 19:29:00+00:00,2024-08-26 19:41:00+00:00,long,560.45,560.46,0.0017842804888923425,12
2024-08-27 13:52:00+00:00,2024-08-27 14:03:00+00:00,short,559.81,559.73,0.014290562869534451,11
2024-08-27 15:17:00+00:00,2024-08-27 15:43:00+00:00,long,561.49,560.49,-0.1780975618443814,26
2024-08-27 18:12:00+00:00,2024-08-27 18:27:00+00:00,long,561.7908,561.8101,0.0034354425170413094,15
2024-08-27 18:44:00+00:00,2024-08-27 18:46:00+00:00,short,561.84,561.75,0.01601879538659645,2
2024-08-27 18:53:00+00:00,2024-08-27 19:08:00+00:00,long,561.5802,561.5,-0.014281130282012278,15
2024-08-27 19:31:00+00:00,2024-08-27 19:37:00+00:00,long,561.345,561.47,0.02226794573747526,6
2024-08-28 17:13:00+00:00,2024-08-28 17:29:00+00:00,long,558.3899,557.95,-0.07878007822131883,16
2024-08-28 17:33:00+00:00,2024-08-28 18:08:00+00:00,short,558.26,556.06,0.3940816107190326,35
2024-08-29 14:18:00+00:00,2024-08-29 14:41:00+00:00,long,560.37,561.86,0.2658957474525714,23
2024-08-29 16:49:00+00:00,2024-08-29 17:20:00+00:00,long,563.2,562.53,-0.11896306818183211,31
2024-08-29 19:16:00+00:00,2024-08-29 19:21:00+00:00,short,558.78,558.35,0.07695336268297437,5
2024-08-29 19:44:00+00:00,2024-08-29 19:59:00+00:00,long,558.5,558.315,-0.033124440465526206,15
2024-08-30 13:50:00+00:00,2024-08-30 13:51:00+00:00,long,560.55,561.43,0.15698867184015253,1
2024-08-30 14:21:00+00:00,2024-08-30 14:30:00+00:00,long,561.1,561.37,0.048119764747811544,9
2024-08-30 14:40:00+00:00,2024-08-30 14:48:00+00:00,short,561.89,561.535,0.06317962590542958,8
2024-08-30 15:52:00+00:00,2024-08-30 15:57:00+00:00,short,559.21,559.04,0.030400028611810015,5
2024-08-30 16:50:00+00:00,2024-08-30 17:16:00+00:00,short,558.319,559.27,-0.17033273092981194,26
2024-08-30 17:19:00+00:00,2024-08-30 17:31:00+00:00,long,558.9425,559.024,0.014581106285538326,12
2024-08-30 17:56:00+00:00,2024-08-30 18:03:00+00:00,long,558.9,559.01,0.019681517266056936,7
2024-08-30 19:12:00+00:00,2024-08-30 19:17:00+00:00,long,560.38,560.72,0.06067311467219394,5
2024-09-03 15:04:00+00:00,2024-09-03 15:17:00+00:00,short,556.155,556.13,0.004495149733430015,13
2024-09-03 17:06:00+00:00,2024-09-03 17:15:00+00:00,short,555.235,555.06,0.031518185993328895,9
2024-09-03 18:34:00+00:00,2024-09-03 18:37:00+00:00,short,553.585,553.17,0.07496590406171899,3
2024-09-04 15:14:00+00:00,2024-09-04 15:45:00+00:00,long,553.195,552.07,-0.2033640940355519,31
2024-09-04 17:47:00+00:00,2024-09-04 17:49:00+00:00,short,551.52,551.14,0.0689004931824777,2
2024-09-04 18:13:00+00:00,2024-09-04 18:18:00+00:00,short,551.23,550.965,0.04807430655080491,5
2024-09-04 19:21:00+00:00,2024-09-04 19:34:00+00:00,short,550.08,550.34,-0.04726585223966406,13
2024-09-05 13:34:00+00:00,2024-09-05 13:47:00+00:00,long,550.7,551.415,0.12983475576537895,13
2024-09-05 16:03:00+00:00,2024-09-05 16:10:00+00:00,short,548.33,548.02,0.05653529808692381,7
2024-09-05 18:24:00+00:00,2024-09-05 18:32:00+00:00,long,550.2599,550.36,0.01819140373484629,8
2024-09-06 15:32:00+00:00,2024-09-06 15:38:00+00:00,short,542.62,541.69,0.171390660130466,6
2024-09-09 17:20:00+00:00,2024-09-09 17:26:00+00:00,long,547.29,547.415,0.022839810703656482,6
2024-09-09 18:23:00+00:00,2024-09-09 18:27:00+00:00,short,545.415,545.27,0.02658526076473322,4
2024-09-10 15:37:00+00:00,2024-09-10 16:11:00+00:00,long,546.76,544.16,-0.47552856829322643,34
2024-09-10 16:37:00+00:00,2024-09-10 16:43:00+00:00,short,544.7,544.605,0.01744079309712321,6
2024-09-10 18:22:00+00:00,2024-09-10 18:26:00+00:00,long,547.27,547.58,0.05664480055549426,4
2024-09-10 18:51:00+00:00,2024-09-10 18:53:00+00:00,long,548.01,548.2,0.03467090016606722,2
2024-09-10 19:54:00+00:00,2024-09-10 20:00:00+00:00,short,548.81,548.57,0.043730981578304906,6
2024-09-11 14:59:00+00:00,2024-09-11 15:21:00+00:00,short,541.16,542.01,-0.15706999778255515,22
2024-09-11 19:41:00+00:00,2024-09-11 19:47:00+00:00,long,552.72,552.995,0.049753944130848105,6
2024-09-12 13:46:00+00:00,2024-09-12 13:59:00+00:00,long,554.17,553.77,-0.0721800169622977,13
2024-09-12 14:11:00+00:00,2024-09-12 14:36:00+00:00,short,554.28,554.91,-0.11366096557696714,25
2024-09-12 14:36:00+00:00,2024-09-12 14:42:00+00:00,long,554.91,555.5,0.1063235479627389,6
2024-09-12 14:58:00+00:00,2024-09-12 15:04:00+00:00,long,554.98,555.28,0.05405600201808802,6
2024-09-12 15:43:00+00:00,2024-09-12 15:52:00+00:00,long,554.81,554.99,0.03244353922966514,9
2024-09-12 16:04:00+00:00,2024-09-12 16:07:00+00:00,short,555.0899,554.78,0.05582879457903811,3
2024-09-12 18:08:00+00:00,2024-09-12 18:23:00+00:00,long,558.68,558.7,0.003579866828973266,15
2024-09-12 19:19:00+00:00,2024-09-12 19:21:00+00:00,short,558.94,558.6022,0.06043582495438571,2
2024-09-13 14:05:00+00:00,2024-09-13 14:06:00+00:00,long,560.73,561.025,0.052609990548035945,1
2024-09-13 15:21:00+00:00,2024-09-13 15:29:00+00:00,short,562.11,561.85,0.04625429186457808,8
2024-09-13 18:42:00+00:00,2024-09-13 18:48:00+00:00,short,561.82,561.47,0.062297533017696693,6
2024-09-13 19:16:00+00:00,2024-09-13 19:27:00+00:00,short,561.54,561.53,0.0017808170388544653,11
2024-09-13 19:38:00+00:00,2024-09-13 19:41:00+00:00,long,561.45,561.72,0.04808976756611738,3
2024-09-16 14:20:00+00:00,2024-09-16 14:22:00+00:00,long,562.175,562.41,0.041801930004004006,2
2024-09-16 14:23:00+00:00,2024-09-16 14:41:00+00:00,long,562.09,561.165,-0.1645643936024621,18
2024-09-16 15:00:00+00:00,2024-09-16 15:05:00+00:00,long,560.3797,560.63,0.04466614333102914,5
2024-09-16 15:28:00+00:00,2024-09-16 15:31:00+00:00,long,560.91,561.1299,0.039204150398464144,3
2024-09-16 15:37:00+00:00,2024-09-16 15:48:00+00:00,long,560.76,560.86,0.017832941008633085,11
2024-09-16 16:12:00+00:00,2024-09-16 16:32:00+00:00,long,560.81,560.8329,0.0040833793976569055,20
2024-09-16 18:07:00+00:00,2024-09-16 18:13:00+00:00,long,562.09,562.4001,0.05516910103362527,6
2024-09-17 13:53:00+00:00,2024-09-17 14:02:00+00:00,long,564.4,564.75,0.06201275691000152,9
2024-09-17 14:33:00+00:00,2024-09-17 14:38:00+00:00,long,565.565,565.8,0.04155136898498224,5
2024-09-17 15:16:00+00:00,2024-09-17 15:20:00+00:00,short,565.8799,565.63,0.04416131408803148,4
2024-09-17 17:20:00+00:00,2024-09-17 17:32:00+00:00,short,562.37,562.53,-0.028451019791231325,12
2024-09-17 18:14:00+00:00,2024-09-17 18:15:00+00:00,long,562.5,562.7801,0.04979555555555404,1
2024-09-17 18:20:00+00:00,2024-09-17 18:25:00+00:00,long,562.445,562.8501,0.0720248202046303,5
2024-09-17 19:48:00+00:00,2024-09-18 13:34:00+00:00,short,562.32,562.77,-0.08002560819460047,17
2024-09-18 15:10:00+00:00,2024-09-18 15:27:00+00:00,long,562.66,562.52,-0.024881811395871534,17
2024-09-18 16:10:00+00:00,2024-09-18 16:41:00+00:00,short,562.0926,562.96,-0.1543162105318796,31
2024-09-18 17:15:00+00:00,2024-09-18 17:26:00+00:00,long,563.46,563.375,-0.015085365420797192,11
2024-09-18 18:36:00+00:00,2024-09-18 18:37:00+00:00,long,564.58,565.735,0.204576853590277,1
2024-09-19 13:50:00+00:00,2024-09-19 13:55:00+00:00,long,568.5099,569.28,0.13545938250150158,5
2024-09-19 15:04:00+00:00,2024-09-19 15:10:00+00:00,short,570.575,569.96,0.10778600534548932,6
2024-09-19 15:17:00+00:00,2024-09-19 15:31:00+00:00,short,570.8,570.69,0.01927119831812707,14
2024-09-19 18:07:00+00:00,2024-09-19 18:23:00+00:00,long,572.29,571.69,-0.10484195075921576,16
2024-09-20 17:04:00+00:00,2024-09-20 17:06:00+00:00,long,568.0103,568.24,0.04043940752482822,2
2024-09-20 17:27:00+00:00,2024-09-20 17:31:00+00:00,long,567.975,568.325,0.06162243056473393,4
2024-09-20 19:13:00+00:00,2024-09-20 19:14:00+00:00,long,567.18,567.44,0.04584082654537358,1
2024-09-23 14:38:00+00:00,2024-09-23 14:42:00+00:00,long,569.22,569.5499,0.05795650187976342,4
2024-09-23 15:02:00+00:00,2024-09-23 15:40:00+00:00,long,569.48,569.76,0.04916766172649023,38
2024-09-23 15:58:00+00:00,2024-09-23 16:17:00+00:00,long,569.635,569.18,-0.07987570988440273,19
2024-09-23 17:19:00+00:00,2024-09-23 17:23:00+00:00,short,568.81,568.59,0.03867723844516169,4
2024-09-24 13:50:00+00:00,2024-09-24 14:10:00+00:00,long,569.56,569.0599,-0.08780462111103171,20
2024-09-24 16:25:00+00:00,2024-09-24 16:33:00+00:00,long,570.51,570.6811,0.02999071006644094,8
2024-09-24 16:54:00+00:00,2024-09-24 17:06:00+00:00,long,570.6601,570.655,-0.0008937018726395962,12
2024-09-24 17:14:00+00:00,2024-09-24 17:22:00+00:00,short,570.8957,570.81,0.015011498597750084,8
2024-09-24 19:10:00+00:00,2024-09-24 19:12:00+00:00,short,570.71,570.56,0.026283050936570795,2
2024-09-24 19:36:00+00:00,2024-09-24 19:40:00+00:00,long,570.43,570.54,0.019283698262717586,4
2024-09-25 14:20:00+00:00,2024-09-25 14:37:00+00:00,long,571.43,571.28,-0.026249934375155437,17
2024-09-25 15:12:00+00:00,2024-09-25 15:18:00+00:00,long,570.9999,571.0999,0.017513137918245825,6
2024-09-25 18:57:00+00:00,2024-09-25 19:00:00+00:00,long,569.96,570.1,0.024563127236998383,3
2024-09-26 14:05:00+00:00,2024-09-26 14:15:00+00:00,long,573.167,573.24,0.012736253133893705,10
2024-09-26 15:39:00+00:00,2024-09-26 16:01:00+00:00,short,571.51,572.0531,-0.09502895837343317,22
2024-09-27 16:28:00+00:00,2024-09-27 16:32:00+00:00,short,572.35,572.13,0.03843801869486407,4
2024-09-27 18:45:00+00:00,2024-09-27 19:06:00+00:00,short,571.68,572.05,-0.06472152253009789,21
2024-09-30 15:34:00+00:00,2024-09-30 15:43:00+00:00,long,571.38,571.29,-0.01575133886381197,9
2024-09-30 16:31:00+00:00,2024-09-30 16:35:00+00:00,long,571.7425,571.89,0.025798327044079805,4
2024-09-30 17:49:00+00:00,2024-09-30 17:55:00+00:00,short,571.34,571.27,0.01225189904435764,6
2024-09-30 19:00:00+00:00,2024-09-30 19:07:00+00:00,long,570.32,570.66,0.05961565436947147,7
2024-09-30 19:18:00+00:00,2024-10-01 13:30:00+00:00,short,570.77,572.925,-0.3775601380591187,43
2024-10-01 17:33:00+00:00,2024-10-01 18:23:00+00:00,short,567.56,570.13,-0.4528155613503504,50
2024-10-02 15:53:00+00:00,2024-10-02 16:01:00+00:00,long,569.42,569.51,0.015805556531223175,8
2024-10-02 16:17:00+00:00,2024-10-02 16:24:00+00:00,long,569.28,569.5,0.03864530635189212,7
2024-10-02 18:20:00+00:00,2024-10-02 18:34:00+00:00,long,568.86,568.71,-0.02636852652673216,14
2024-10-02 19:30:00+00:00,2024-10-02 19:35:00+00:00,long,569.04,569.13,0.0158161113454236,5
2024-10-03 13:56:00+00:00,2024-10-03 14:16:00+00:00,short,567.78,568.87,-0.19197576526119864,20
2024-10-03 17:21:00+00:00,2024-10-03 17:28:00+00:00,short,566.44,566.46,-0.0035308240943443536,7
2024-10-03 17:41:00+00:00,2024-10-03 17:44:00+00:00,long,566.31,566.77,0.08122759619291209,3
2024-10-03 18:58:00+00:00,2024-10-03 19:19:00+00:00,long,566.8101,566.49,-0.05647394074311807,21
2024-10-03 19:22:00+00:00,2024-10-03 19:29:00+00:00,short,566.77,566.53,0.042345219401174194,7
2024-10-04 13:54:00+00:00,2024-10-04 14:05:00+00:00,long,571.1099,570.895,-0.037628484465079826,11
2024-10-04 14:50:00+00:00,2024-10-04 15:12:00+00:00,short,569.54,570.295,-0.13256312111529223,22
2024-10-04 15:41:00+00:00,2024-10-04 15:49:00+00:00,short,569.4,569.05,0.06146821215314846,8
2024-10-04 17:08:00+00:00,2024-10-04 17:10:00+00:00,long,570.75,571.0299,0.049040735873839836,2
2024-10-04 17:33:00+00:00,2024-10-04 17:42:00+00:00,long,570.9,571.015,0.020143632860403216,9
2024-10-04 18:20:00+00:00,2024-10-04 18:32:00+00:00,short,570.5248,570.59,-0.011428074642849673,12
2024-10-07 14:04:00+00:00,2024-10-07 14:10:00+00:00,short,571.37,571.11,0.04550466422807986,6
2024-10-07 14:40:00+00:00,2024-10-07 14:42:00+00:00,long,571.1801,571.44,0.045502285531306974,2
2024-10-07 14:43:00+00:00,2024-10-07 14:50:00+00:00,long,571.1,571.3218,0.038837331465590985,7
2024-10-07 15:36:00+00:00,2024-10-07 15:41:00+00:00,long,571.44,571.59,0.02624947501048691,5
2024-10-07 15:43:00+00:00,2024-10-07 16:15:00+00:00,long,571.295,570.85,-0.0778932075372496,32
2024-10-07 19:06:00+00:00,2024-10-07 19:29:00+00:00,short,567.67,567.88,-0.036993323585887694,23
2024-10-08 15:11:00+00:00,2024-10-08 15:20:00+00:00,long,571.63,571.77,0.024491366793211178,9
2024-10-08 17:52:00+00:00,2024-10-08 18:13:00+00:00,short,571.48,571.83,-0.06124448799609272,21
2024-10-08 18:32:00+00:00,2024-10-08 18:33:00+00:00,long,571.76,571.91,0.02623478382537403,1
2024-10-08 19:59:00+00:00,2024-10-09 13:39:00+00:00,long,573.13,573.2262,0.01678502259521153,11
2024-10-09 16:04:00+00:00,2024-10-09 16:11:00+00:00,long,576.41,576.6405,0.039988896792220174,7
2024-10-09 16:41:00+00:00,2024-10-09 16:43:00+00:00,short,576.4,576.24,0.02775850104094202,2
2024-10-09 16:45:00+00:00,2024-10-09 16:49:00+00:00,short,576.4092,576.28,0.022414631827538667,4
2024-10-09 17:12:00+00:00,2024-10-09 17:30:00+00:00,short,576.119,576.33,-0.03662437794968998,18
2024-10-09 19:00:00+00:00,2024-10-09 19:05:00+00:00,long,576.04,576.27,0.039927782792870126,5
2024-10-10 13:55:00+00:00,2024-10-10 13:59:00+00:00,short,575.9099,575.39,0.09027453773585714,4
2024-10-10 14:40:00+00:00,2024-10-10 14:42:00+00:00,long,575.66,575.8599,0.0347253587186902,2
2024-10-10 14:43:00+00:00,2024-10-10 14:45:00+00:00,short,576.21,575.885,0.056403047500053205,2
2024-10-10 15:31:00+00:00,2024-10-10 15:33:00+00:00,long,575.95,576.24,0.05035159302022585,2
2024-10-11 14:44:00+00:00,2024-10-11 14:56:00+00:00,long,579.35,579.205,-0.025028048675235226,12
2024-10-11 16:58:00+00:00,2024-10-11 17:06:00+00:00,short,578.8199,578.56,0.04490170431251661,8
2024-10-11 17:24:00+00:00,2024-10-11 17:34:00+00:00,short,578.73,578.77,-0.006911685932986522,10
2024-10-11 19:30:00+00:00,2024-10-11 19:37:00+00:00,long,579.965,580.09,0.021553024751486127,7
2024-10-11 19:46:00+00:00,2024-10-11 19:50:00+00:00,long,579.81,580.0399,0.039650920129008504,4
2024-10-14 14:48:00+00:00,2024-10-14 15:08:00+00:00,long,583.31,582.875,-0.07457441154787858,20
2024-10-15 14:54:00+00:00,2024-10-15 14:58:00+00:00,short,582.64,582.0,0.10984484415762497,4
2024-10-15 17:39:00+00:00,2024-10-15 17:52:00+00:00,short,581.36,581.38,-0.003440209164717878,13
2024-10-15 19:23:00+00:00,2024-10-15 19:28:00+00:00,short,579.835,579.385,0.07760828511560458,5
2024-10-16 17:18:00+00:00,2024-10-16 17:25:00+00:00,long,581.15,581.26,0.01892798761078396,7
2024-10-16 19:01:00+00:00,2024-10-16 19:08:00+00:00,long,582.26,582.39,0.022326795589600046,7
2024-10-16 19:53:00+00:00,2024-10-17 13:36:00+00:00,long,582.23,583.535,0.2241382271610748,14
2024-10-17 14:20:00+00:00,2024-10-17 14:27:00+00:00,short,583.86,583.64,0.03768026581715267,7
2024-10-17 16:58:00+00:00,2024-10-17 17:00:00+00:00,long,584.21,584.45,0.04108111809109083,2
2024-10-17 17:22:00+00:00,2024-10-17 17:51:00+00:00,long,584.29,584.496,0.03525646511151059,29
2024-10-17 18:47:00+00:00,2024-10-17 19:02:00+00:00,short,583.1099,583.12,-0.0017320920121521866,15
2024-10-18 14:40:00+00:00,2024-10-18 14:53:00+00:00,short,583.65,583.66,-0.0017133556069470757,13
2024-10-18 14:59:00+00:00,2024-10-18 15:00:00+00:00,long,583.43,583.7,0.04627804535251023,1
2024-10-18 17:27:00+00:00,2024-10-18 17:33:00+00:00,long,584.65,584.8,0.025656375609339754,6
2024-10-18 17:53:00+00:00,2024-10-18 18:03:00+00:00,long,584.66,584.6299,-0.005148291314605036,10
2024-10-21 15:39:00+00:00,2024-10-21 16:03:00+00:00,short,581.26,582.15,-0.15311564532223265,24
2024-10-21 18:06:00+00:00,2024-10-21 18:16:00+00:00,long,582.98,583.0689,0.015249236680503486,10
2024-10-22 14:51:00+00:00,2024-10-22 15:13:00+00:00,short,581.59,582.03,-0.07565467081620536,22
2024-10-22 15:26:00+00:00,2024-10-22 15:29:00+00:00,long,581.8599,582.078,0.03748324983383622,3
2024-10-22 15:49:00+00:00,2024-10-22 16:12:00+00:00,long,582.07,581.89,-0.030924115656205675,23
2024-10-22 17:11:00+00:00,2024-10-22 17:20:00+00:00,long,582.41,582.52,0.018887038340698048,9
2024-10-23 19:12:00+00:00,2024-10-23 19:17:00+00:00,long,576.76,577.015,0.04421249739925415,5
2024-10-24 14:16:00+00:00,2024-10-24 14:26:00+00:00,long,578.98,579.22,0.04145220905731328,10
2024-10-24 14:32:00+00:00,2024-10-24 14:41:00+00:00,short,579.51,579.5,0.001725595761936649,9
2024-10-24 16:25:00+00:00,2024-10-24 16:43:00+00:00,short,577.6,578.3601,-0.1315962603878118,18
2024-10-24 17:24:00+00:00,2024-10-24 17:29:00+00:00,long,578.88,579.05,0.02936705362077685,5
2024-10-25 14:43:00+00:00,2024-10-25 14:54:00+00:00,long,583.84,583.67,-0.029117566456571264,11
2024-10-25 16:10:00+00:00,2024-10-25 16:15:00+00:00,short,582.26,582.07,0.0326314704770958,5
2024-10-28 13:56:00+00:00,2024-10-28 13:57:00+00:00,long,581.4,581.69,0.04987960096320965,1
2024-10-28 14:09:00+00:00,2024-10-28 14:17:00+00:00,short,581.89,581.7,0.03265221949164676,8
2024-10-28 14:58:00+00:00,2024-10-28 15:10:00+00:00,long,581.92,581.7617,-0.02720305196589612,12
2024-10-28 16:35:00+00:00,2024-10-28 16:42:00+00:00,long,581.17,581.36,0.03269267167955725,7
2024-10-28 19:50:00+00:00,2024-10-29 13:43:00+00:00,long,581.23,579.2,-0.34925932935326864,24
2024-10-29 16:28:00+00:00,2024-10-29 16:40:00+00:00,long,581.4153,581.26,-0.026710683396191648,12
2024-10-29 17:22:00+00:00,2024-10-29 17:34:00+00:00,long,582.01,582.065,0.009450009450029384,12
2024-10-30 16:09:00+00:00,2024-10-30 16:38:00+00:00,long,582.83,582.425,-0.0694885301031345,29
2024-10-30 17:20:00+00:00,2024-10-30 17:21:00+00:00,short,582.25,582.06,0.03263203091457001,1
2024-10-31 15:20:00+00:00,2024-10-31 15:28:00+00:00,short,571.33,571.01,0.056009661666645005,8
2024-10-31 16:44:00+00:00,2024-10-31 16:49:00+00:00,short,571.61,571.3999,0.0367558300239712,5
2024-10-31 18:29:00+00:00,2024-10-31 18:34:00+00:00,short,570.4901,570.21,0.049098135094705064,5
2024-11-01 14:40:00+00:00,2024-11-01 14:55:00+00:00,long,574.3,573.76,-0.09402751175343615,15
2024-11-01 16:20:00+00:00,2024-11-01 16:24:00+00:00,long,573.64,573.85,0.036608325779230455,4
2024-11-01 19:25:00+00:00,2024-11-01 19:41:00+00:00,long,572.37,571.82,-0.09609168894245679,16
2024-11-04 15:46:00+00:00,2024-11-04 15:47:00+00:00,long,571.49,571.85,0.06299322822795883,1
2024-11-04 18:04:00+00:00,2024-11-04 18:28:00+00:00,long,570.2,570.525,0.05699754472114904,24
2024-11-04 18:59:00+00:00,2024-11-04 19:05:00+00:00,long,570.6627,570.88,0.03807853570945152,6
2024-11-04 19:24:00+00:00,2024-11-04 19:32:00+00:00,long,570.69,570.71,0.003504529604514417,8
2024-11-05 19:22:00+00:00,2024-11-05 19:25:00+00:00,long,575.21,575.5399,0.05735296674256318,3
2024-11-06 14:49:00+00:00,2024-11-06 15:00:00+00:00,long,586.458,586.49,0.005456486227495283,11
2024-11-06 15:37:00+00:00,2024-11-06 16:05:00+00:00,long,587.77,586.9086,-0.1465539241540026,28
2024-11-06 16:10:00+00:00,2024-11-06 16:20:00+00:00,short,587.43,587.42,0.0017023304904384418,10
2024-11-07 16:06:00+00:00,2024-11-07 16:18:00+00:00,long,594.3693,594.52,0.025354606975835914,12
2024-11-07 16:23:00+00:00,2024-11-07 16:46:00+00:00,short,594.67,594.79,-0.020179259084862622,23
2024-11-07 18:04:00+00:00,2024-11-07 18:25:00+00:00,long,595.2099,594.93,-0.04702542750044669,21
2024-11-07 20:38:00+00:00,2024-11-07 20:41:00+00:00,long,595.84,596.09,0.041957572502693274,3
2024-11-08 16:02:00+00:00,2024-11-08 16:06:00+00:00,long,597.36,597.67,0.05189500468727459,4
2024-11-08 16:41:00+00:00,2024-11-08 16:59:00+00:00,long,597.79,597.91,0.020073939008691255,18
2024-11-08 18:23:00+00:00,2024-11-08 18:27:00+00:00,long,598.01,598.16,0.025083192588759573,4
2024-11-08 20:59:00+00:00,2024-11-11 14:43:00+00:00,short,598.24,599.62,-0.23067665151110806,15
2024-11-11 15:04:00+00:00,2024-11-11 15:26:00+00:00,long,598.96,598.96,0.0,22
2024-11-11 15:33:00+00:00,2024-11-11 15:43:00+00:00,short,599.31,599.28,0.005005756620113377,10
2024-11-11 16:12:00+00:00,2024-11-11 16:20:00+00:00,long,599.375,599.475,0.01668404588113237,8
2024-11-11 17:07:00+00:00,2024-11-11 17:32:00+00:00,long,599.19,598.9,-0.04839867153992872,25
2024-11-11 20:25:00+00:00,2024-11-11 20:34:00+00:00,long,598.215,598.25,0.005850739282697859,9
2024-11-12 15:02:00+00:00,2024-11-12 15:10:00+00:00,long,598.6,598.46,-0.023387905111926788,8
2024-11-12 15:37:00+00:00,2024-11-12 15:39:00+00:00,short,598.315,598.02,0.04930513191213626,2
2024-11-12 16:19:00+00:00,2024-11-12 16:26:00+00:00,short,597.511,597.26,0.04200759483925509,7
2024-11-12 19:52:00+00:00,2024-11-12 20:03:00+00:00,long,597.95,598.02,0.011706664436816894,11
2024-11-13 15:32:00+00:00,2024-11-13 15:39:00+00:00,short,596.8001,596.6,0.03352881475724434,7
2024-11-13 17:47:00+00:00,2024-11-13 18:05:00+00:00,short,598.83,598.95,-0.020039076198585803,18
2024-11-13 18:30:00+00:00,2024-11-13 18:36:00+00:00,short,598.9,598.6701,0.038387042911991465,6
2024-11-14 15:56:00+00:00,2024-11-14 16:09:00+00:00,long,596.2603,596.25,-0.0017274334715988715,13
2024-11-14 16:24:00+00:00,2024-11-14 16:33:00+00:00,short,596.58,596.4,0.03017198028765211,9
2024-11-14 18:29:00+00:00,2024-11-14 18:43:00+00:00,long,595.1399,595.11,-0.005024028803979341,14
2024-11-15 14:49:00+00:00,2024-11-15 14:50:00+00:00,short,590.0399,589.54,0.08472308398127515,1
2024-11-15 15:45:00+00:00,2024-11-15 15:49:00+00:00,short,587.17,586.71,0.07834187713948726,4
2024-11-15 15:50:00+00:00,2024-11-15 15:52:00+00:00,short,587.3432,586.73,0.1044023324012322,2
2024-11-15 17:44:00+00:00,2024-11-15 17:47:00+00:00,short,585.5801,585.315,0.045271347164965725,3
2024-11-15 18:21:00+00:00,2024-11-15 18:26:00+00:00,short,585.53,585.3,0.03928065171725503,5
2024-11-15 18:32:00+00:00,2024-11-15 18:39:00+00:00,long,585.02,585.19,0.0290588355953858,7
2024-11-15 19:08:00+00:00,2024-11-15 19:15:00+00:00,short,584.88,584.62,0.04445356312405835,7
2024-11-15 19:41:00+00:00,2024-11-15 19:51:00+00:00,short,584.57,584.98,-0.0701370237952581,10
2024-11-18 18:22:00+00:00,2024-11-18 18:37:00+00:00,long,588.2701,588.26,-0.0017168984111193275,15
2024-11-18 19:41:00+00:00,2024-11-18 20:00:00+00:00,short,587.6,587.96,-0.06126616746084945,19
2024-11-18 20:32:00+00:00,2024-11-18 20:36:00+00:00,long,588.0601,588.23,0.028891604786651648,4
2024-11-18 20:38:00+00:00,2024-11-18 20:45:00+00:00,long,587.96,588.08,0.02040955167017522,7
2024-11-19 15:24:00+00:00,2024-11-19 16:00:00+00:00,short,585.69,587.69,-0.3414775734603692,36
2024-11-19 16:50:00+00:00,2024-11-19 16:55:00+00:00,long,588.71,588.9301,0.03738682882914457,5
2024-11-19 17:03:00+00:00,2024-11-19 17:07:00+00:00,long,588.53,588.74,0.0356821232562643,4
2024-11-19 17:18:00+00:00,2024-11-19 17:20:00+00:00,short,588.945,588.76,0.03141210129978811,2
2024-11-19 18:09:00+00:00,2024-11-19 18:21:00+00:00,short,589.3593,589.3616,-0.00039025429818817514,12
2024-11-19 19:16:00+00:00,2024-11-19 19:22:00+00:00,long,590.5701,590.6301,0.010159674524667928,6
2024-11-19 19:52:00+00:00,2024-11-19 20:01:00+00:00,short,589.6702,589.495,0.02971152349229289,9
2024-11-20 15:31:00+00:00,2024-11-20 16:04:00+00:00,short,586.3,587.2276,-0.15821251918815005,33
2024-11-20 16:06:00+00:00,2024-11-20 16:19:00+00:00,long,586.76,586.7,-0.010225645919959003,13
2024-11-20 17:07:00+00:00,2024-11-20 17:26:00+00:00,long,587.69,586.94,-0.12761830216611036,19
2024-11-20 19:26:00+00:00,2024-11-20 19:53:00+00:00,short,586.66,587.5268,-0.147751678996344,27
2024-11-21 19:50:00+00:00,2024-11-21 19:55:00+00:00,long,594.09,594.375,0.0479725294147304,5
2024-11-21 20:33:00+00:00,2024-11-21 20:48:00+00:00,long,594.71,594.34,-0.062215197323067795,15
2024-11-22 16:09:00+00:00,2024-11-22 16:28:00+00:00,long,594.96,594.455,-0.08487965577517187,19
2024-11-22 16:38:00+00:00,2024-11-22 16:41:00+00:00,short,594.7799,594.41,0.06219107269764823,3
2024-11-22 17:31:00+00:00,2024-11-22 17:44:00+00:00,long,595.27,595.24,-0.005039729870470744,13
2024-11-22 18:28:00+00:00,2024-11-22 18:31:00+00:00,long,595.6,595.84,0.04029550033579632,3
2024-11-22 18:36:00+00:00,2024-11-22 18:47:00+00:00,long,595.5299,595.46,-0.011737445928405865,11
2024-11-25 14:51:00+00:00,2024-11-25 15:07:00+00:00,long,599.26,599.13,-0.021693421886992414,16
2024-11-25 15:29:00+00:00,2024-11-25 15:32:00+00:00,short,599.11,598.6,0.08512627063477218,3
2024-11-25 16:21:00+00:00,2024-11-25 16:31:00+00:00,short,598.3841,598.2301,0.025735977944596478,10
2024-11-25 18:54:00+00:00,2024-11-25 18:57:00+00:00,long,597.07,597.2899,0.03682985244610748,3
2024-11-25 19:42:00+00:00,2024-11-25 19:54:00+00:00,short,597.11,597.105,0.0008373666493644016,12
2024-11-25 20:00:00+00:00,2024-11-25 20:09:00+00:00,long,596.92,596.98,0.010051598204130485,9
2024-11-25 20:19:00+00:00,2024-11-25 20:21:00+00:00,short,597.11,596.89,0.03684413257188934,2
2024-11-26 17:32:00+00:00,2024-11-26 18:16:00+00:00,short,599.5099,600.005,-0.08258412413206795,44
2024-11-26 18:17:00+00:00,2024-11-26 18:21:00+00:00,long,599.75,599.89,0.023343059608160743,4
2024-11-26 18:42:00+00:00,2024-11-26 18:56:00+00:00,short,600.105,600.0501,0.009148399030167731,14
2024-11-26 18:59:00+00:00,2024-11-26 19:11:00+00:00,short,600.149,600.07,0.01316339775621067,12
2024-11-27 19:20:00+00:00,2024-11-27 19:25:00+00:00,long,598.82,598.96,0.02337931264819737,5
2024-11-27 19:27:00+00:00,2024-11-27 19:38:00+00:00,long,598.75,598.76,0.0016701461377888194,11
2024-11-29 16:36:00+00:00,2024-11-29 17:01:00+00:00,long,602.07,602.61,0.0896905675419779,25
2024-11-29 17:24:00+00:00,2024-11-29 17:25:00+00:00,long,602.805,603.02,0.03566659201565958,1
2024-11-29 17:28:00+00:00,2024-11-29 17:40:00+00:00,long,602.7519,603.125,0.06189943159033984,12
2024-11-29 17:52:00+00:00,2024-11-29 18:16:00+00:00,long,603.05,602.4799,-0.09453610811706037,24
2024-12-02 17:20:00+00:00,2024-12-02 17:22:00+00:00,long,603.7597,603.87,0.018268857626635437,2
2024-12-02 17:27:00+00:00,2024-12-02 17:35:00+00:00,long,603.69,603.74,0.008282396594272434,8
2024-12-02 18:21:00+00:00,2024-12-02 18:29:00+00:00,short,603.7199,603.67,0.00826542242521322,8
2024-12-02 19:03:00+00:00,2024-12-02 19:24:00+00:00,long,603.57,603.2787,-0.0482628361250681,21
2024-12-02 20:40:00+00:00,2024-12-02 20:52:00+00:00,long,603.98,603.83,-0.024835259445676883,12
2024-12-03 14:59:00+00:00,2024-12-03 15:09:00+00:00,short,603.35,603.3421,0.0013093560951471517,10
2024-12-03 15:19:00+00:00,2024-12-03 15:35:00+00:00,long,603.21,602.94,-0.04476053115830547,16
2024-12-03 15:59:00+00:00,2024-12-03 16:12:00+00:00,short,602.8845,602.93,-0.007547050886191897,13
2024-12-03 19:19:00+00:00,2024-12-03 19:21:00+00:00,short,603.575,603.3994,0.02909331897444911,2
2024-12-03 20:12:00+00:00,2024-12-03 20:20:00+00:00,long,603.89,603.96,0.011591515011022402,8
2024-12-04 16:30:00+00:00,2024-12-04 16:36:00+00:00,long,606.22,606.38,0.026393058625573396,6
2024-12-04 17:49:00+00:00,2024-12-04 18:00:00+00:00,short,606.31,606.3065,0.0005772624564803763,11
2024-12-04 21:00:00+00:00,2024-12-05 14:35:00+00:00,long,607.37,607.68,0.05103972866620232,6
2024-12-05 16:15:00+00:00,2024-12-05 16:34:00+00:00,short,607.125,607.44,-0.0518838789376197,19
2024-12-05 20:01:00+00:00,2024-12-05 20:03:00+00:00,long,607.04,607.15,0.018120716921465885,2
2024-12-05 20:05:00+00:00,2024-12-05 20:23:00+00:00,short,607.31,607.11,0.03293211045428679,18
2024-12-06 17:22:00+00:00,2024-12-06 17:24:00+00:00,short,607.78,607.57,0.03455197604395055,2
2024-12-06 17:53:00+00:00,2024-12-06 17:59:00+00:00,short,607.55,607.36,0.03127314624309374,6
2024-12-06 18:30:00+00:00,2024-12-06 18:46:00+00:00,long,607.96,607.78,-0.029607211000737266,16
2024-12-06 19:43:00+00:00,2024-12-06 19:58:00+00:00,short,607.3901,607.49,-0.016447419870702085,15
2024-12-09 15:01:00+00:00,2024-12-09 15:03:00+00:00,short,607.57,607.435,0.022219661931976997,2
2024-12-09 17:39:00+00:00,2024-12-09 17:53:00+00:00,short,605.755,605.76,-0.000825416216132524,14
2024-12-09 20:59:00+00:00,2024-12-10 14:33:00+00:00,short,604.66,604.4493,0.034846029173418724,5
2024-12-10 15:30:00+00:00,2024-12-10 15:35:00+00:00,long,605.02,605.31,0.04793229975867952,5
2024-12-10 15:52:00+00:00,2024-12-10 16:03:00+00:00,long,605.21,605.22,0.0016523190297546009,11
2024-12-10 16:50:00+00:00,2024-12-10 16:53:00+00:00,short,604.6601,604.49,0.02813150727161151,3
2024-12-10 17:52:00+00:00,2024-12-10 18:12:00+00:00,long,604.64,604.27,-0.06119343741730621,20
2024-12-10 18:34:00+00:00,2024-12-10 18:42:00+00:00,short,604.45,604.4201,0.004946645710979247,8
2024-12-11 15:55:00+00:00,2024-12-11 15:59:00+00:00,long,606.575,606.7783,0.033516053249793565,4
2024-12-11 16:11:00+00:00,2024-12-11 16:16:00+00:00,short,606.99,606.84,0.024712103988533407,5
2024-12-11 18:28:00+00:00,2024-12-11 18:33:00+00:00,short,608.24,608.2,0.0065763514402128465,5
2024-12-11 19:32:00+00:00,2024-12-11 19:44:00+00:00,short,607.97,607.9814,-0.0018750925210087033,12
2024-12-12 16:30:00+00:00,2024-12-12 17:06:00+00:00,long,606.75,606.44,-0.051091882983100856,36
2024-12-12 17:06:00+00:00,2024-12-12 17:21:00+00:00,short,606.44,606.57,-0.021436580700484598,15
2024-12-12 18:29:00+00:00,2024-12-12 18:49:00+00:00,long,606.5167,606.12,-0.065406278178326,20
2024-12-12 20:31:00+00:00,2024-12-12 20:40:00+00:00,short,605.2,605.01,0.03139458030404496,9
2024-12-13 16:16:00+00:00,2024-12-13 16:27:00+00:00,short,603.79,603.69,0.016562049719259786,11
2024-12-13 17:11:00+00:00,2024-12-13 17:19:00+00:00,short,603.94,603.6283,0.051611087194103344,8
2024-12-13 17:52:00+00:00,2024-12-13 18:01:00+00:00,short,603.375,603.04,0.05552102755335131,9
2024-12-16 15:53:00+00:00,2024-12-16 15:55:00+00:00,long,606.64,606.82,0.029671633917982554,2
2024-12-16 16:16:00+00:00,2024-12-16 16:19:00+00:00,long,606.64,606.83,0.03132005802453097,3
2024-12-16 19:02:00+00:00,2024-12-16 19:12:00+00:00,long,607.45,607.505,0.009054243147565977,10
2024-12-17 15:39:00+00:00,2024-12-17 15:43:00+00:00,short,603.62,603.3599,0.043090023524727794,4
2024-12-17 15:44:00+00:00,2024-12-17 16:17:00+00:00,short,603.64,604.48,-0.13915578821814822,33
2024-12-17 16:53:00+00:00,2024-12-17 16:59:00+00:00,long,604.73,604.94,0.03472624146314551,6
2024-12-17 17:34:00+00:00,2024-12-17 17:49:00+00:00,short,604.6899,604.75,-0.00993897864012272,15
2024-12-17 18:07:00+00:00,2024-12-17 18:25:00+00:00,long,604.57,604.34,-0.03804356815588772,18
2024-12-18 16:09:00+00:00,2024-12-18 16:25:00+00:00,long,605.84,605.12,-0.11884325894626624,16
2024-12-19 14:30:00+00:00,2024-12-19 14:44:00+00:00,short,591.53,591.14,0.06593072202593087,14
2024-12-19 16:02:00+00:00,2024-12-19 16:15:00+00:00,long,588.586,588.67,0.014271491336859121,13
2024-12-19 19:51:00+00:00,2024-12-19 20:27:00+00:00,short,589.11,588.65,0.07808388925668597,36
2024-12-20 15:05:00+00:00,2024-12-20 15:09:00+00:00,short,583.63,582.76,0.14906704590237352,4
2024-12-20 15:12:00+00:00,2024-12-20 15:47:00+00:00,short,583.89,588.03,-0.7090376612033156,35
2024-12-20 19:20:00+00:00,2024-12-20 19:39:00+00:00,short,592.57,593.39,-0.13838027574799572,19
2024-12-20 19:49:00+00:00,2024-12-20 20:01:00+00:00,long,592.78,592.7,-0.013495731974755287,12
2024-12-23 16:03:00+00:00,2024-12-23 16:34:00+00:00,short,589.91,590.5,-0.10001525656455623,31
2024-12-23 17:15:00+00:00,2024-12-23 17:21:00+00:00,long,591.87,592.12,0.04223900518693924,6
2024-12-23 19:26:00+00:00,2024-12-23 19:30:00+00:00,long,593.755,593.95,0.032841828700402864,4
2024-12-23 20:26:00+00:00,2024-12-23 20:59:00+00:00,short,593.185,594.78,-0.2688874465807567,33
2024-12-24 20:02:00+00:00,2024-12-26 14:46:00+00:00,long,601.4,600.05,-0.22447622214832874,39
2024-12-26 15:41:00+00:00,2024-12-26 15:46:00+00:00,long,599.92,600.2,0.04667288971864636,5
2024-12-26 16:24:00+00:00,2024-12-26 16:30:00+00:00,long,600.7901,601.1001,0.051598719752532496,6
2024-12-26 19:39:00+00:00,2024-12-26 20:11:00+00:00,short,601.2099,601.7499,-0.08981888022803197,32
2024-12-26 20:16:00+00:00,2024-12-26 20:19:00+00:00,long,601.51,601.73,0.036574620538321057,3
2024-12-27 20:03:00+00:00,2024-12-27 20:28:00+00:00,long,594.5217,593.72,-0.13484789537538955,25
2024-12-30 15:37:00+00:00,2024-12-30 15:47:00+00:00,short,585.62,586.0047,-0.06569106246370193,10
2024-12-30 19:04:00+00:00,2024-12-30 19:25:00+00:00,long,590.86,590.2,-0.1117015875164995,21
2024-12-30 20:05:00+00:00,2024-12-30 20:10:00+00:00,long,590.4,590.7,0.0508130081301017,5
2024-12-30 20:48:00+00:00,2024-12-30 20:54:00+00:00,short,590.2,589.71,0.08302270416807866,6
2024-12-31 16:43:00+00:00,2024-12-31 16:52:00+00:00,short,587.3767,587.3,0.013058059674497802,9
2024-12-31 18:19:00+00:00,2024-12-31 18:33:00+00:00,long,586.05,585.42,-0.10749936012285355,14
2024-12-31 18:40:00+00:00,2024-12-31 18:53:00+00:00,short,585.72,585.77,-0.00853650208290091,13
2024-12-31 20:45:00+00:00,2024-12-31 20:47:00+00:00,long,585.91,586.53,0.10581829973885792,2
2025-01-02 15:19:00+00:00,2025-01-02 15:49:00+00:00,long,589.45,587.98,-0.24938501993384543,30
2025-01-02 15:49:00+00:00,2025-01-02 15:58:00+00:00,short,587.98,587.69,0.0493214054899771,9
2025-01-02 16:24:00+00:00,2025-01-02 16:53:00+00:00,short,587.39,588.21,-0.13960060607092206,29
2025-01-02 17:56:00+00:00,2025-01-02 18:00:00+00:00,short,582.9099,582.32,0.10119917331991024,4
2025-01-02 18:29:00+00:00,2025-01-02 18:36:00+00:00,short,582.36,581.76,0.10302905419328212,7
2025-01-02 20:35:00+00:00,2025-01-02 20:42:00+00:00,long,583.89,584.26,0.06336810015585836,7
2025-01-03 14:51:00+00:00,2025-01-03 14:59:00+00:00,long,587.02,588.01,0.16864842765151877,8
2025-01-03 16:59:00+00:00,2025-01-03 17:03:00+00:00,long,590.3861,590.7456,0.06089235501987034,4
2025-01-03 17:14:00+00:00,2025-01-03 17:15:00+00:00,long,590.31,590.74,0.07284308244821514,1
2025-01-03 17:50:00+00:00,2025-01-03 18:00:00+00:00,short,590.54,590.53,0.0016933653943840277,10
2025-01-03 18:59:00+00:00,2025-01-03 19:02:00+00:00,long,591.29,591.61,0.05411896023947982,3
2025-01-03 19:51:00+00:00,2025-01-03 20:07:00+00:00,long,592.15,591.9,-0.0422190323397742,16
2025-01-03 20:31:00+00:00,2025-01-03 20:35:00+00:00,long,591.65,591.77,0.020282261472148733,4
2025-01-06 16:47:00+00:00,2025-01-06 16:51:00+00:00,long,599.25,599.5,0.04171881518564291,4
2025-01-06 18:22:00+00:00,2025-01-06 18:24:00+00:00,short,597.4,597.22,0.030130565785058128,2
2025-01-06 19:31:00+00:00,2025-01-06 19:44:00+00:00,long,595.31,595.305,-0.000839898540250239,13
2025-01-06 19:48:00+00:00,2025-01-06 19:50:00+00:00,short,595.49,595.24,0.041982233118942336,2
2025-01-06 20:23:00+00:00,2025-01-06 20:37:00+00:00,short,594.91,595.06,-0.025213897900511206,14
2025-01-07 15:25:00+00:00,2025-01-07 15:30:00+00:00,short,594.28,593.14,0.19182876758430112,5
2025-01-07 17:14:00+00:00,2025-01-07 17:30:00+00:00,short,591.385,590.965,0.07101972488310349,16
2025-01-07 19:02:00+00:00,2025-01-07 19:04:00+00:00,short,591.42,591.14,0.047343681309386376,2
2025-01-08 15:35:00+00:00,2025-01-08 15:43:00+00:00,short,587.4701,587.24,0.039167950845497845,8
2025-01-08 17:52:00+00:00,2025-01-08 18:21:00+00:00,short,586.78,588.31,-0.26074508333617796,29
2025-01-08 18:47:00+00:00,2025-01-08 19:04:00+00:00,long,588.58,587.758,-0.1396581603180569,17
2025-01-10 15:20:00+00:00,2025-01-10 15:43:00+00:00,short,580.92,581.99,-0.1841905942298494,23
2025-01-10 15:52:00+00:00,2025-01-10 16:17:00+00:00,long,581.44,580.31,-0.19434507429830772,25
2025-01-10 17:18:00+00:00,2025-01-10 17:22:00+00:00,short,579.2893,578.95,0.05857177061616703,4
2025-01-10 19:26:00+00:00,2025-01-10 19:30:00+00:00,short,582.65,582.25,0.068651849309187,4
2025-01-10 20:38:00+00:00,2025-01-10 20:39:00+00:00,short,581.075,580.45,0.10755926515509939,1
2025-01-13 14:55:00+00:00,2025-01-13 15:09:00+00:00,short,577.71,577.47,0.0415433348912142,14
2025-01-13 16:23:00+00:00,2025-01-13 16:24:00+00:00,short,577.54,577.18,0.06233334487655284,1
2025-01-13 17:38:00+00:00,2025-01-13 17:46:00+00:00,long,577.8616,578.1944,0.05759164478138512,8
2025-01-13 19:14:00+00:00,2025-01-13 19:22:00+00:00,long,579.3858,579.54,0.02661439061846238,8
2025-01-14 14:52:00+00:00,2025-01-14 15:03:00+00:00,long,583.26,583.25,-0.0017145012515817903,11
2025-01-14 15:28:00+00:00,2025-01-14 15:41:00+00:00,long,583.11,582.96,-0.02572413438287624,13
2025-01-14 16:26:00+00:00,2025-01-14 16:31:00+00:00,short,581.64,581.11,0.09112165600714262,5
2025-01-14 19:12:00+00:00,2025-01-14 19:14:00+00:00,long,582.93,583.26,0.05661057073749198,2
2025-01-14 20:24:00+00:00,2025-01-14 20:32:00+00:00,short,580.47,580.15,0.05512774131308795,8
2025-01-15 15:33:00+00:00,2025-01-15 15:41:00+00:00,long,591.82,591.99,0.028724950153757867,8
2025-01-15 17:02:00+00:00,2025-01-15 17:19:00+00:00,short,590.52,590.74,-0.037255300413208126,17
2025-01-15 17:52:00+00:00,2025-01-15 18:01:00+00:00,long,591.24,591.505,0.044821054055876886,9
2025-01-15 19:23:00+00:00,2025-01-15 19:42:00+00:00,long,592.51,593.2,0.11645373073874143,19
2025-01-15 20:37:00+00:00,2025-01-15 20:45:00+00:00,long,593.4284,593.6,0.028916715142046634,8
2025-01-16 15:36:00+00:00,2025-01-16 15:40:00+00:00,long,591.9151,592.46,0.09205712102968722,4
2025-01-16 16:17:00+00:00,2025-01-16 16:26:00+00:00,long,592.925,593.28,0.0598726651768855,9
2025-01-16 17:16:00+00:00,2025-01-16 17:23:00+00:00,long,593.13,593.29,0.026975536560280844,7
2025-01-16 18:10:00+00:00,2025-01-16 18:25:00+00:00,short,593.41,592.97,0.0741477224852849,15
2025-01-16 19:06:00+00:00,2025-01-16 19:23:00+00:00,short,592.03,591.7053,0.05484519365572815,17
2025-01-16 19:23:00+00:00,2025-01-16 19:25:00+00:00,long,591.7053,592.1301,0.07179249535198551,2
2025-01-16 20:14:00+00:00,2025-01-16 20:27:00+00:00,long,592.75,592.48,-0.04555040067482086,13
2025-01-16 20:37:00+00:00,2025-01-16 20:48:00+00:00,short,592.77,592.76,0.0016869949558850905,11
2025-01-17 15:25:00+00:00,2025-01-17 15:29:00+00:00,long,596.38,596.97,0.09893021228075671,4
2025-01-17 16:54:00+00:00,2025-01-17 17:06:00+00:00,long,598.25,598.29,0.006686167989955472,12
2025-01-17 17:13:00+00:00,2025-01-17 17:34:00+00:00,short,598.585,598.91,-0.05429471169506872,21
2025-01-17 18:00:00+00:00,2025-01-17 18:03:00+00:00,long,598.66,598.8401,0.030083853940476857,3
2025-01-17 18:29:00+00:00,2025-01-17 18:37:00+00:00,long,599.03,599.05,0.0033387309483545735,8
2025-01-21 16:37:00+00:00,2025-01-21 16:47:00+00:00,long,600.4398,600.69,0.04166945628854002,10
2025-01-21 17:18:00+00:00,2025-01-21 17:23:00+00:00,long,600.9401,601.1951,0.04243351375619042,5
2025-01-21 19:55:00+00:00,2025-01-21 20:34:00+00:00,short,602.06,602.4911,-0.07160415905391737,39
2025-01-22 17:13:00+00:00,2025-01-22 17:18:00+00:00,long,607.48,607.615,0.02222295384211037,5
2025-01-22 19:20:00+00:00,2025-01-22 19:24:00+00:00,short,607.2,607.08,0.019762845849802257,4
2025-01-22 20:12:00+00:00,2025-01-22 20:24:00+00:00,long,607.295,607.37,0.012349846450243618,12
2025-01-23 15:01:00+00:00,2025-01-23 15:11:00+00:00,long,605.9201,605.95,0.004934644023202317,10
2025-01-23 16:12:00+00:00,2025-01-23 16:16:00+00:00,long,606.61,607.0465,0.07195727073407987,4
2025-01-23 19:23:00+00:00,2025-01-23 19:39:00+00:00,short,607.6101,607.76,-0.024670425985351407,16
2025-01-23 20:01:00+00:00,2025-01-23 20:06:00+00:00,long,607.62,607.76,0.02304071623711046,5
2025-01-23 20:31:00+00:00,2025-01-23 20:45:00+00:00,long,607.88,607.93,0.008225307626497091,14
2025-01-24 15:01:00+00:00,2025-01-24 15:18:00+00:00,long,610.01,609.73,-0.04590088687069782,17
2025-01-24 15:39:00+00:00,2025-01-24 15:45:00+00:00,long,609.1999,609.37,0.027921869324010196,6
2025-01-24 17:21:00+00:00,2025-01-24 17:27:00+00:00,short,609.77,609.64,0.021319513915085686,6
2025-01-24 18:33:00+00:00,2025-01-24 18:48:00+00:00,long,608.3305,608.29,-0.0066575652544198505,15
2025-01-24 19:26:00+00:00,2025-01-24 19:33:00+00:00,short,607.5748,607.3963,0.029379098672288606,7
2025-01-24 20:50:00+00:00,2025-01-27 14:46:00+00:00,short,607.3699,598.09,1.527882761394661,27
2025-01-27 15:56:00+00:00,2025-01-27 16:16:00+00:00,long,598.4,597.73,-0.11196524064170932,20
