strategy_id,strategy_hash,strategy_type,symbol,timeframe,constraints,period,std_dev,trace_path,total_return,sharpe_ratio,max_drawdown,num_trades,win_rate,avg_return_per_trade,total_execution_cost
SPY_5m_strategy_0,572097140686,bollinger_bands,SPY_5m,1m,,10,1.0,traces/signals/bollinger_bands/SPY_5m_strategy_0.parquet,0.22556054173136797,2.223487443014875,-0.029412224603227788,3095,0.4979937583593402,7.287901186797026e-05,0.0
SPY_5m_strategy_1,3bee7e1ff576,bollinger_bands,SPY_5m,1m,,10,1.5,traces/signals/bollinger_bands/SPY_5m_strategy_1.parquet,0.18476604001609442,2.550948406164982,-0.029885325527822415,2807,0.5184626978146194,6.582331315144084e-05,0.0
SPY_5m_strategy_2,5edc43651004,bollinger_bands,SPY_5m,1m,,10,2.0,traces/signals/bollinger_bands/SPY_5m_strategy_2.parquet,0.023346366486667547,0.6993434033235009,-0.02152451645815423,1484,0.528101802757158,1.573205288858999e-05,0.0
SPY_5m_strategy_3,846869fc71e7,bollinger_bands,SPY_5m,1m,,10,2.5,traces/signals/bollinger_bands/SPY_5m_strategy_3.parquet,0.008219796018453795,0.4494155165807731,-0.015172665822283604,480,0.5403225806451613,1.7124575038445406e-05,0.0
SPY_5m_strategy_4,79624e63fd80,bollinger_bands,SPY_5m,1m,,10,3.0,traces/signals/bollinger_bands/SPY_5m_strategy_4.parquet,0.0,0.0,0.0,0,0.0,0.0,0.0
SPY_5m_strategy_5,84ad2d3299c8,bollinger_bands,SPY_5m,1m,,11,1.0,traces/signals/bollinger_bands/SPY_5m_strategy_5.parquet,0.19632211038031144,1.9485422708623126,-0.03595173333019486,3136,0.4980146290491118,6.260271376923196e-05,0.0
SPY_5m_strategy_6,7ffc4afaadf1,bollinger_bands,SPY_5m,1m,,11,1.5,traces/signals/bollinger_bands/SPY_5m_strategy_6.parquet,0.1896643053132938,2.539301330855786,-0.03202328099584906,2872,0.5223463687150838,6.603910352134186e-05,0.0
SPY_5m_strategy_7,b9277649d929,bollinger_bands,SPY_5m,1m,,11,2.0,traces/signals/bollinger_bands/SPY_5m_strategy_7.parquet,0.031009179395610875,0.7635533165625684,-0.03125882871156038,1536,0.538899430740038,2.0188267835684164e-05,0.0
SPY_5m_strategy_8,25d4fba7043d,bollinger_bands,SPY_5m,1m,,11,2.5,traces/signals/bollinger_bands/SPY_5m_strategy_8.parquet,-0.0038339453581914817,-0.18529783194747565,-0.022165453485295195,568,0.53156146179402,-6.749903799632891e-06,0.0
SPY_5m_strategy_9,80e0a9bfbbe3,bollinger_bands,SPY_5m,1m,,11,3.0,traces/signals/bollinger_bands/SPY_5m_strategy_9.parquet,0.009542675595842764,0.904883104325123,-0.00795388709082756,88,0.5681818181818182,0.00010843949540730414,0.0
SPY_5m_strategy_10,4067c07319e8,bollinger_bands,SPY_5m,1m,,12,1.0,traces/signals/bollinger_bands/SPY_5m_strategy_10.parquet,0.16605347030764483,1.6655720338771458,-0.03518186040522708,3166,0.4967410626111001,5.24489798823894e-05,0.0
SPY_5m_strategy_11,f9a95a9ec1bb,bollinger_bands,SPY_5m,1m,,12,1.5,traces/signals/bollinger_bands/SPY_5m_strategy_11.parquet,0.19005571577651326,2.193361547471307,-0.031015825450407708,2888,0.5137942226549822,6.580876585059323e-05,0.0
SPY_5m_strategy_12,3f61275abdc4,bollinger_bands,SPY_5m,1m,,12,2.0,traces/signals/bollinger_bands/SPY_5m_strategy_12.parquet,0.023785931625283085,0.5557937746099885,-0.03344650777497882,1590,0.5295138888888888,1.4959705424706344e-05,0.0
SPY_5m_strategy_13,18377913515d,bollinger_bands,SPY_5m,1m,,12,2.5,traces/signals/bollinger_bands/SPY_5m_strategy_13.parquet,0.0004735787770975275,0.0330333054948681,-0.022426024148068713,630,0.530791788856305,7.5171234459925e-07,0.0
SPY_5m_strategy_14,f211c3bbe899,bollinger_bands,SPY_5m,1m,,12,3.0,traces/signals/bollinger_bands/SPY_5m_strategy_14.parquet,0.011767795155436689,1.0593930380618275,-0.009427907739967933,140,0.5352112676056338,8.405567968169063e-05,0.0
SPY_5m_strategy_15,7755af75d5bf,bollinger_bands,SPY_5m,1m,,13,1.0,traces/signals/bollinger_bands/SPY_5m_strategy_15.parquet,0.13147232251561847,1.3353023449620212,-0.03484735865951882,3157,0.49364010475121584,4.164470146202675e-05,0.0
SPY_5m_strategy_16,6312bf78024e,bollinger_bands,SPY_5m,1m,,13,1.5,traces/signals/bollinger_bands/SPY_5m_strategy_16.parquet,0.18030890985554415,2.0383889729814224,-0.033003776722028144,2922,0.5127967930928153,6.170736134686658e-05,0.0
SPY_5m_strategy_17,47f300ade5d5,bollinger_bands,SPY_5m,1m,,13,2.0,traces/signals/bollinger_bands/SPY_5m_strategy_17.parquet,0.03706356254673948,0.7710780106568504,-0.03032743573949659,1611,0.5164131305044035,2.3006556515666964e-05,0.0
SPY_5m_strategy_18,643f7aa63f16,bollinger_bands,SPY_5m,1m,,13,2.5,traces/signals/bollinger_bands/SPY_5m_strategy_18.parquet,-0.008336420544640455,-0.3891407156084313,-0.024311175922985373,666,0.5274151436031331,-1.2517147964925608e-05,0.0
SPY_5m_strategy_19,d3ced64f1e75,bollinger_bands,SPY_5m,1m,,13,3.0,traces/signals/bollinger_bands/SPY_5m_strategy_19.parquet,0.004403479392209642,0.3559318213596063,-0.014821774378004027,198,0.52,2.2239794910149706e-05,0.0
SPY_5m_strategy_20,b515bfeac94d,bollinger_bands,SPY_5m,1m,,14,1.0,traces/signals/bollinger_bands/SPY_5m_strategy_20.parquet,0.14469915297405622,1.4484130775611452,-0.03711440705824787,3170,0.49372309899569583,4.564642049654771e-05,0.0
SPY_5m_strategy_21,7ac75d9a0237,bollinger_bands,SPY_5m,1m,,14,1.5,traces/signals/bollinger_bands/SPY_5m_strategy_21.parquet,0.18262047508436918,2.0789979756604264,-0.02763897938150195,2905,0.5136403637430331,6.28641910789567e-05,0.0
SPY_5m_strategy_22,f1ad6d1f3a6b,bollinger_bands,SPY_5m,1m,,14,2.0,traces/signals/bollinger_bands/SPY_5m_strategy_22.parquet,0.05059662021702094,1.036157935668225,-0.038916198738603525,1631,0.5197268588770865,3.1021839495414434e-05,0.0
SPY_5m_strategy_23,0feab640ac62,bollinger_bands,SPY_5m,1m,,14,2.5,traces/signals/bollinger_bands/SPY_5m_strategy_23.parquet,0.00013796690543754764,0.01663428243000994,-0.01914538551093481,698,0.5334928229665071,1.976603229764293e-07,0.0
SPY_5m_strategy_24,b1b13ffa7fb6,bollinger_bands,SPY_5m,1m,,14,3.0,traces/signals/bollinger_bands/SPY_5m_strategy_24.parquet,0.009616990266910763,0.7141853620812029,-0.013972153077336902,258,0.5190839694656488,3.7275156073297533e-05,0.0
SPY_5m_strategy_25,db8d4e8f6787,bollinger_bands,SPY_5m,1m,,15,1.0,traces/signals/bollinger_bands/SPY_5m_strategy_25.parquet,0.12560131344884518,1.263109818489737,-0.04475539214904778,3138,0.49427877947295423,4.0025912507598844e-05,0.0
SPY_5m_strategy_26,e837394fa671,bollinger_bands,SPY_5m,1m,,15,1.5,traces/signals/bollinger_bands/SPY_5m_strategy_26.parquet,0.19060905727344402,2.153994168250013,-0.033604304925070716,2890,0.512645637965331,6.595469109807751e-05,0.0
SPY_5m_strategy_27,de310b1d719c,bollinger_bands,SPY_5m,1m,,15,2.0,traces/signals/bollinger_bands/SPY_5m_strategy_27.parquet,0.03720554759463446,0.7855345998662169,-0.03732611480944281,1673,0.5193965517241379,2.223882103684068e-05,0.0
SPY_5m_strategy_28,7d8028d44776,bollinger_bands,SPY_5m,1m,,15,2.5,traces/signals/bollinger_bands/SPY_5m_strategy_28.parquet,-4.089967573372988e-05,0.009406360129882304,-0.020501015292996305,736,0.535483870967742,-5.557021159474168e-08,0.0
SPY_5m_strategy_29,cc8fd5805152,bollinger_bands,SPY_5m,1m,,15,3.0,traces/signals/bollinger_bands/SPY_5m_strategy_29.parquet,0.0030394680408181163,0.22205393990449018,-0.017532492508110287,288,0.5231788079470199,1.0553708475062903e-05,0.0
SPY_5m_strategy_30,0c2036dd8361,bollinger_bands,SPY_5m,1m,,16,1.0,traces/signals/bollinger_bands/SPY_5m_strategy_30.parquet,0.09138534328254377,0.9398024969854452,-0.04973733417540638,3081,0.49059117402164865,2.9660935826856143e-05,0.0
SPY_5m_strategy_31,1729defe80ec,bollinger_bands,SPY_5m,1m,,16,1.5,traces/signals/bollinger_bands/SPY_5m_strategy_31.parquet,0.20929915599213755,2.336025219728495,-0.037725323536951905,2921,0.5113667488359354,7.165325436225182e-05,0.0
SPY_5m_strategy_32,bb047773debb,bollinger_bands,SPY_5m,1m,,16,2.0,traces/signals/bollinger_bands/SPY_5m_strategy_32.parquet,0.065040576722871,1.3455064804359351,-0.04375745958183952,1655,0.5231292517006803,3.929944212862296e-05,0.0
SPY_5m_strategy_33,67aab798c4c3,bollinger_bands,SPY_5m,1m,,16,2.5,traces/signals/bollinger_bands/SPY_5m_strategy_33.parquet,-0.013128539493321822,-0.5365572015946266,-0.026721147942228685,720,0.5209205020920502,-1.8234082629613643e-05,0.0
SPY_5m_strategy_34,2bcc376485d5,bollinger_bands,SPY_5m,1m,,16,3.0,traces/signals/bollinger_bands/SPY_5m_strategy_34.parquet,0.00734765956558836,0.515586178785261,-0.015469241828562907,302,0.5460122699386503,2.432999856155086e-05,0.0
SPY_5m_strategy_35,3bc725799b6e,bollinger_bands,SPY_5m,1m,,17,1.0,traces/signals/bollinger_bands/SPY_5m_strategy_35.parquet,0.0868020048207585,0.895664043223159,-0.05501261864183438,3074,0.4914156138645935,2.823747717005807e-05,0.0
SPY_5m_strategy_36,cc981e9ed262,bollinger_bands,SPY_5m,1m,,17,1.5,traces/signals/bollinger_bands/SPY_5m_strategy_36.parquet,0.20517481579638086,2.313853136050524,-0.03697080381035367,2896,0.5086643561716876,7.084765738825305e-05,0.0
SPY_5m_strategy_37,8e87066c3723,bollinger_bands,SPY_5m,1m,,17,2.0,traces/signals/bollinger_bands/SPY_5m_strategy_37.parquet,0.0627331845939747,1.2806166241930548,-0.043833519437434854,1651,0.5224867724867724,3.799708333977874e-05,0.0
SPY_5m_strategy_38,aad915846c8b,bollinger_bands,SPY_5m,1m,,17,2.5,traces/signals/bollinger_bands/SPY_5m_strategy_38.parquet,-0.008131305185102411,-0.31739564207403403,-0.02228446408683682,732,0.5165692007797271,-1.1108340416806573e-05,0.0
SPY_5m_strategy_39,c45b884a2efa,bollinger_bands,SPY_5m,1m,,17,3.0,traces/signals/bollinger_bands/SPY_5m_strategy_39.parquet,0.008083077266787031,0.5726860531076494,-0.015567216391758953,318,0.5517241379310345,2.5418481971028398e-05,0.0
SPY_5m_strategy_40,8bfd000951c8,bollinger_bands,SPY_5m,1m,,18,1.0,traces/signals/bollinger_bands/SPY_5m_strategy_40.parquet,0.07274310357733027,0.7580456365113825,-0.06098555679411277,3041,0.49271460247070004,2.392078381365678e-05,0.0
SPY_5m_strategy_41,7b6de378abb1,bollinger_bands,SPY_5m,1m,,18,1.5,traces/signals/bollinger_bands/SPY_5m_strategy_41.parquet,0.17071268097860948,1.940813547247403,-0.034542151100673935,2846,0.5080687142113482,5.998337349916004e-05,0.0
SPY_5m_strategy_42,5c7108270d04,bollinger_bands,SPY_5m,1m,,18,2.0,traces/signals/bollinger_bands/SPY_5m_strategy_42.parquet,0.07876332057143531,1.5113549562811521,-0.04443254960415988,1660,0.52125,4.744778347676826e-05,0.0
SPY_5m_strategy_43,1c281ff1e665,bollinger_bands,SPY_5m,1m,,18,2.5,traces/signals/bollinger_bands/SPY_5m_strategy_43.parquet,0.006377266090950906,0.26950126475993197,-0.023020363030601176,742,0.5207547169811321,8.594698235782892e-06,0.0
SPY_5m_strategy_44,f3ee8435d51b,bollinger_bands,SPY_5m,1m,,18,3.0,traces/signals/bollinger_bands/SPY_5m_strategy_44.parquet,0.015879501270982033,1.0356663320662838,-0.013853469289197506,326,0.5628415300546448,4.8710126598104395e-05,0.0
SPY_5m_strategy_45,6060c4146778,bollinger_bands,SPY_5m,1m,,19,1.0,traces/signals/bollinger_bands/SPY_5m_strategy_45.parquet,0.10278925009599926,1.034038086347114,-0.04978263058205201,3015,0.49417068241877815,3.409262026401302e-05,0.0
SPY_5m_strategy_46,77ecf32f66e5,bollinger_bands,SPY_5m,1m,,19,1.5,traces/signals/bollinger_bands/SPY_5m_strategy_46.parquet,0.15591538252204207,1.7928991852444713,-0.044684550724457206,2825,0.5074017355793773,5.5191285848510464e-05,0.0
SPY_5m_strategy_47,8baa1f123457,bollinger_bands,SPY_5m,1m,,19,2.0,traces/signals/bollinger_bands/SPY_5m_strategy_47.parquet,0.09809986862906483,1.794671144583829,-0.04168793874101362,1678,0.5226039783001808,5.846237701374543e-05,0.0
SPY_5m_strategy_48,6f8fa2fc4f01,bollinger_bands,SPY_5m,1m,,19,2.5,traces/signals/bollinger_bands/SPY_5m_strategy_48.parquet,0.016896528657157184,0.6457937413674494,-0.02263873512970116,789,0.5158450704225352,2.141511870362127e-05,0.0
SPY_5m_strategy_49,72706250c433,bollinger_bands,SPY_5m,1m,,19,3.0,traces/signals/bollinger_bands/SPY_5m_strategy_49.parquet,0.01379890651258564,0.9012649968101758,-0.013105462783499444,342,0.5544041450777202,4.034767986136152e-05,0.0
SPY_5m_strategy_50,31784fac0618,bollinger_bands,SPY_5m,1m,,20,1.0,traces/signals/bollinger_bands/SPY_5m_strategy_50.parquet,0.12281199899034179,1.218805891634397,-0.05867782954811018,2987,0.49399969618714873,4.1115500164158613e-05,0.0
SPY_5m_strategy_51,a08c8bbd5d2c,bollinger_bands,SPY_5m,1m,,20,1.5,traces/signals/bollinger_bands/SPY_5m_strategy_51.parquet,0.1337864246248608,1.5508211576720232,-0.04316536683574612,2734,0.502903307245645,4.8934317712092464e-05,0.0
SPY_5m_strategy_52,49cbed903ac4,bollinger_bands,SPY_5m,1m,,20,2.0,traces/signals/bollinger_bands/SPY_5m_strategy_52.parquet,0.08052053619008959,1.4973655697882606,-0.039333508619039725,1685,0.516260162601626,4.778666836207097e-05,0.0
SPY_5m_strategy_53,d6203f75d335,bollinger_bands,SPY_5m,1m,,20,2.5,traces/signals/bollinger_bands/SPY_5m_strategy_53.parquet,0.013178093391871037,0.4980596954498443,-0.023058390551175756,784,0.5151515151515151,1.680879259167224e-05,0.0
SPY_5m_strategy_54,7d826e7e1670,bollinger_bands,SPY_5m,1m,,20,3.0,traces/signals/bollinger_bands/SPY_5m_strategy_54.parquet,0.0032932930515434666,0.19611264235754838,-0.021531395723767832,336,0.54,9.801467415307936e-06,0.0
SPY_5m_strategy_55,af0897a3cbf3,bollinger_bands,SPY_5m,1m,,21,1.0,traces/signals/bollinger_bands/SPY_5m_strategy_55.parquet,0.11267475903054436,1.1224915515980944,-0.05568138317933069,2956,0.4918790046192818,3.811730684389187e-05,0.0
SPY_5m_strategy_56,e1a5b15c1c4d,bollinger_bands,SPY_5m,1m,,21,1.5,traces/signals/bollinger_bands/SPY_5m_strategy_56.parquet,0.17035742307129476,1.8966151173906936,-0.0425541290000786,2714,0.5033407572383074,6.276986848610714e-05,0.0
SPY_5m_strategy_57,6b16474082ff,bollinger_bands,SPY_5m,1m,,21,2.0,traces/signals/bollinger_bands/SPY_5m_strategy_57.parquet,0.04769370051856159,0.9048226486142772,-0.04477836739343233,1655,0.5124434389140271,2.8817945932665614e-05,0.0
SPY_5m_strategy_58,4daf7ecf9645,bollinger_bands,SPY_5m,1m,,21,2.5,traces/signals/bollinger_bands/SPY_5m_strategy_58.parquet,-0.014662514555225936,-0.41861116638073603,-0.03207212677759641,769,0.5088852988691438,-1.9066989018499266e-05,0.0
SPY_5m_strategy_59,66b838920d84,bollinger_bands,SPY_5m,1m,,21,3.0,traces/signals/bollinger_bands/SPY_5m_strategy_59.parquet,0.008824139914099582,0.5008702564807634,-0.019332734252727857,364,0.543859649122807,2.42421426211527e-05,0.0
SPY_5m_strategy_60,89ba5ecaeb7e,bollinger_bands,SPY_5m,1m,,22,1.0,traces/signals/bollinger_bands/SPY_5m_strategy_60.parquet,0.12432303362090935,1.224695231885118,-0.05058135042201806,2896,0.4917094644167278,4.2929224316612345e-05,0.0
SPY_5m_strategy_61,fdd85de572ee,bollinger_bands,SPY_5m,1m,,22,1.5,traces/signals/bollinger_bands/SPY_5m_strategy_61.parquet,0.1906465354121354,2.0578346131463565,-0.042519049487926286,2649,0.5031707317073171,7.196924704119871e-05,0.0
SPY_5m_strategy_62,9b3b4bc11856,bollinger_bands,SPY_5m,1m,,22,2.0,traces/signals/bollinger_bands/SPY_5m_strategy_62.parquet,0.03590789971542385,0.677923775451859,-0.04768074777703024,1628,0.5105088495575221,2.205644945664856e-05,0.0
SPY_5m_strategy_63,001ba0423a6e,bollinger_bands,SPY_5m,1m,,22,2.5,traces/signals/bollinger_bands/SPY_5m_strategy_63.parquet,-0.012016442225163515,-0.33497288930546165,-0.03505271444039193,774,0.5124223602484472,-1.552511915395803e-05,0.0
SPY_5m_strategy_64,e5cc63fb508c,bollinger_bands,SPY_5m,1m,,22,3.0,traces/signals/bollinger_bands/SPY_5m_strategy_64.parquet,0.007531064184134184,0.4160594046576567,-0.014719017339552054,386,0.5510204081632653,1.951052897444089e-05,0.0
SPY_5m_strategy_65,e8fc96c15ce2,bollinger_bands,SPY_5m,1m,,23,1.0,traces/signals/bollinger_bands/SPY_5m_strategy_65.parquet,0.11131509105959991,1.1031313084864307,-0.048278451331855265,2850,0.49057960592549976,3.9057926687578916e-05,0.0
SPY_5m_strategy_66,ede5e6f58198,bollinger_bands,SPY_5m,1m,,23,1.5,traces/signals/bollinger_bands/SPY_5m_strategy_66.parquet,0.17429982531941546,1.8951820385912037,-0.03855011245001927,2594,0.4998794309139137,6.719345617556494e-05,0.0
SPY_5m_strategy_67,046228e4e54b,bollinger_bands,SPY_5m,1m,,23,2.0,traces/signals/bollinger_bands/SPY_5m_strategy_67.parquet,0.05136570032430354,0.8864056507116678,-0.05112861028057447,1610,0.5124593716143012,3.1904161692114e-05,0.0
SPY_5m_strategy_68,93cba16200b6,bollinger_bands,SPY_5m,1m,,23,2.5,traces/signals/bollinger_bands/SPY_5m_strategy_68.parquet,-0.020972421110245554,-0.5852142608778633,-0.03574000750653017,785,0.5116959064327485,-2.671646001305166e-05,0.0
SPY_5m_strategy_69,1b485e663a59,bollinger_bands,SPY_5m,1m,,23,3.0,traces/signals/bollinger_bands/SPY_5m_strategy_69.parquet,-0.0006566616061838282,-0.026261581414706428,-0.012262695705055449,374,0.5325670498084292,-1.755779695678685e-06,0.0
SPY_5m_strategy_70,c249cef528fb,bollinger_bands,SPY_5m,1m,,24,1.0,traces/signals/bollinger_bands/SPY_5m_strategy_70.parquet,0.11884512585760132,1.1619135386138084,-0.04560190255859453,2818,0.49194004524886875,4.217357198637378e-05,0.0
SPY_5m_strategy_71,b3bc478985c8,bollinger_bands,SPY_5m,1m,,24,1.5,traces/signals/bollinger_bands/SPY_5m_strategy_71.parquet,0.1767813227018269,1.9232630188800182,-0.04233807453755778,2554,0.4992836676217765,6.921743253791186e-05,0.0
SPY_5m_strategy_72,cc91a898fba5,bollinger_bands,SPY_5m,1m,,24,2.0,traces/signals/bollinger_bands/SPY_5m_strategy_72.parquet,0.04385824322054099,0.7665451039923841,-0.05910817488021769,1587,0.5140434552199258,2.7635944058311904e-05,0.0
SPY_5m_strategy_73,a0135f1061c2,bollinger_bands,SPY_5m,1m,,24,2.5,traces/signals/bollinger_bands/SPY_5m_strategy_73.parquet,-0.012346985577788017,-0.3273087502655523,-0.03654936952914978,804,0.5097765363128491,-1.5356947236054747e-05,0.0
SPY_5m_strategy_74,2d276ef09977,bollinger_bands,SPY_5m,1m,,24,3.0,traces/signals/bollinger_bands/SPY_5m_strategy_74.parquet,-0.0019450259847543228,-0.09425288406115664,-0.014857166339505401,392,0.5251798561151079,-4.961800981516129e-06,0.0
SPY_5m_strategy_75,b018a6fd2f3b,bollinger_bands,SPY_5m,1m,,25,1.0,traces/signals/bollinger_bands/SPY_5m_strategy_75.parquet,0.12410297549186855,1.2019980328523339,-0.04699905498725332,2788,0.49210342417889585,4.4513262371545394e-05,0.0
SPY_5m_strategy_76,9998eed964f5,bollinger_bands,SPY_5m,1m,,25,1.5,traces/signals/bollinger_bands/SPY_5m_strategy_76.parquet,0.14733479914870107,1.6213317047939944,-0.04730013355060558,2536,0.49870496821285615,5.8097318276301686e-05,0.0
SPY_5m_strategy_77,a2e4b74d4249,bollinger_bands,SPY_5m,1m,,25,2.0,traces/signals/bollinger_bands/SPY_5m_strategy_77.parquet,0.04439353466482121,0.7722226100763251,-0.05918538879933366,1553,0.5133858267716536,2.8585663016626666e-05,0.0
SPY_5m_strategy_78,834bed6f6b13,bollinger_bands,SPY_5m,1m,,25,2.5,traces/signals/bollinger_bands/SPY_5m_strategy_78.parquet,-0.024510446191067015,-0.66252642035261,-0.04549468435161885,812,0.5060728744939271,-3.018527856042736e-05,0.0
SPY_5m_strategy_79,0ed948707371,bollinger_bands,SPY_5m,1m,,25,3.0,traces/signals/bollinger_bands/SPY_5m_strategy_79.parquet,-0.0045847888124176395,-0.2188544378492192,-0.019097473393232534,404,0.5257731958762887,-1.1348487159449603e-05,0.0
SPY_5m_strategy_80,aee7e28d2d29,bollinger_bands,SPY_5m,1m,,26,1.0,traces/signals/bollinger_bands/SPY_5m_strategy_80.parquet,0.14959717428678965,1.4234870747699286,-0.04461732286720399,2744,0.49176470588235294,5.451792065845104e-05,0.0
SPY_5m_strategy_81,8722b4247191,bollinger_bands,SPY_5m,1m,,26,1.5,traces/signals/bollinger_bands/SPY_5m_strategy_81.parquet,0.1417074173637749,1.559306476377849,-0.04771067910706339,2525,0.4989614585737364,5.612174945099996e-05,0.0
SPY_5m_strategy_82,f69c71178b53,bollinger_bands,SPY_5m,1m,,26,2.0,traces/signals/bollinger_bands/SPY_5m_strategy_82.parquet,0.02841351315248808,0.530843561985062,-0.05896877105280418,1548,0.5100879461976203,1.8354982656646047e-05,0.0
SPY_5m_strategy_83,7f947d4b463c,bollinger_bands,SPY_5m,1m,,26,2.5,traces/signals/bollinger_bands/SPY_5m_strategy_83.parquet,-0.012053646004782426,-0.2957363746483237,-0.04757746593052037,809,0.5013089005235603,-1.4899438819261341e-05,0.0
SPY_5m_strategy_84,0a778eb7bcce,bollinger_bands,SPY_5m,1m,,26,3.0,traces/signals/bollinger_bands/SPY_5m_strategy_84.parquet,-0.008377702882546356,-0.3928080526491768,-0.01930616462064716,406,0.5165562913907285,-2.063473616390728e-05,0.0
SPY_5m_strategy_85,916f54433143,bollinger_bands,SPY_5m,1m,,27,1.0,traces/signals/bollinger_bands/SPY_5m_strategy_85.parquet,0.15995567255140508,1.5071752705324273,-0.04505821863263204,2726,0.4917225338623615,5.867779624042739e-05,0.0
SPY_5m_strategy_86,bff1964a1e5d,bollinger_bands,SPY_5m,1m,,27,1.5,traces/signals/bollinger_bands/SPY_5m_strategy_86.parquet,0.13768373194888128,1.5157574056210086,-0.04660449277739254,2491,0.498527079084523,5.527247368481786e-05,0.0
SPY_5m_strategy_87,8c513a0e511c,bollinger_bands,SPY_5m,1m,,27,2.0,traces/signals/bollinger_bands/SPY_5m_strategy_87.parquet,0.016548453634011473,0.31741799528073467,-0.06612682150707405,1550,0.5055555555555555,1.067642169936224e-05,0.0
SPY_5m_strategy_88,a844edc0133c,bollinger_bands,SPY_5m,1m,,27,2.5,traces/signals/bollinger_bands/SPY_5m_strategy_88.parquet,-0.0010165035383750132,-0.007818227044450418,-0.04481347371360722,809,0.5102040816326531,-1.2564938669654057e-06,0.0
SPY_5m_strategy_89,8617e749fbb7,bollinger_bands,SPY_5m,1m,,27,3.0,traces/signals/bollinger_bands/SPY_5m_strategy_89.parquet,-0.013576791109223052,-0.6383970518878734,-0.021888133440706392,398,0.504950495049505,-3.41125404754348e-05,0.0
SPY_5m_strategy_90,99ba9aeafcd7,bollinger_bands,SPY_5m,1m,,28,1.0,traces/signals/bollinger_bands/SPY_5m_strategy_90.parquet,0.16803586111405777,1.5751728793624726,-0.045192465249028424,2710,0.49364864864864866,6.200585280961542e-05,0.0
SPY_5m_strategy_91,00c46ab7a34d,bollinger_bands,SPY_5m,1m,,28,1.5,traces/signals/bollinger_bands/SPY_5m_strategy_91.parquet,0.13437643657793075,1.4699634087483004,-0.05008801315668954,2457,0.49808429118773945,5.469126437848219e-05,0.0
SPY_5m_strategy_92,cb819834437d,bollinger_bands,SPY_5m,1m,,28,2.0,traces/signals/bollinger_bands/SPY_5m_strategy_92.parquet,0.003033672521369324,0.08092393213610326,-0.07608202120169061,1525,0.5022601707684581,1.989293456635622e-06,0.0
SPY_5m_strategy_93,95e25a4feb8e,bollinger_bands,SPY_5m,1m,,28,2.5,traces/signals/bollinger_bands/SPY_5m_strategy_93.parquet,-0.005178007694769282,-0.1152954102946855,-0.04332234462716167,817,0.4993804213135068,-6.337830715751875e-06,0.0
SPY_5m_strategy_94,f7bf3891057b,bollinger_bands,SPY_5m,1m,,28,3.0,traces/signals/bollinger_bands/SPY_5m_strategy_94.parquet,-0.009844641488514716,-0.44801090982884667,-0.0214863970218655,418,0.5062111801242236,-2.355177389596822e-05,0.0
SPY_5m_strategy_95,569295355819,bollinger_bands,SPY_5m,1m,,29,1.0,traces/signals/bollinger_bands/SPY_5m_strategy_95.parquet,0.15694369784639894,1.4819812474409422,-0.042131918796858736,2680,0.4931029864738181,5.856108128596975e-05,0.0
SPY_5m_strategy_96,e39754500c70,bollinger_bands,SPY_5m,1m,,29,1.5,traces/signals/bollinger_bands/SPY_5m_strategy_96.parquet,0.1264872373564998,1.3857168782529208,-0.050676693527899164,2429,0.49776586237712245,5.207379059551248e-05,0.0
SPY_5m_strategy_97,ba3731f3d147,bollinger_bands,SPY_5m,1m,,29,2.0,traces/signals/bollinger_bands/SPY_5m_strategy_97.parquet,0.011806534901203536,0.23541798450731558,-0.07393160403353127,1535,0.5059642147117296,7.69155368156582e-06,0.0
SPY_5m_strategy_98,3e6c81c24d71,bollinger_bands,SPY_5m,1m,,29,2.5,traces/signals/bollinger_bands/SPY_5m_strategy_98.parquet,0.0013231302931393518,0.05129770014175821,-0.050432868735295955,803,0.5042630937880633,1.6477338644325676e-06,0.0
SPY_5m_strategy_99,e23f73a1a999,bollinger_bands,SPY_5m,1m,,29,3.0,traces/signals/bollinger_bands/SPY_5m_strategy_99.parquet,-0.008169618199759476,-0.3687920758272317,-0.022107119693323574,424,0.4984984984984985,-1.9267967452262917e-05,0.0
SPY_5m_strategy_100,09ec9f49753c,bollinger_bands,SPY_5m,1m,,30,1.0,traces/signals/bollinger_bands/SPY_5m_strategy_100.parquet,0.17515931773518445,1.627894093899508,-0.037705324973569154,2674,0.49469214437367304,6.550460648286629e-05,0.0
SPY_5m_strategy_101,13aea1255ea7,bollinger_bands,SPY_5m,1m,,30,1.5,traces/signals/bollinger_bands/SPY_5m_strategy_101.parquet,0.1263975682567735,1.3855915228260895,-0.05018699076463995,2431,0.49767750497677504,5.1994063454040935e-05,0.0
SPY_5m_strategy_102,1941bec06c3a,bollinger_bands,SPY_5m,1m,,30,2.0,traces/signals/bollinger_bands/SPY_5m_strategy_102.parquet,0.020063786916238557,0.3669568620806196,-0.07592136989049947,1523,0.5026894865525673,1.3173858776256439e-05,0.0
SPY_5m_strategy_103,1d7a3e053fd6,bollinger_bands,SPY_5m,1m,,30,2.5,traces/signals/bollinger_bands/SPY_5m_strategy_103.parquet,-0.005999743142069747,-0.12111328464760182,-0.04863796855575531,801,0.505868544600939,-7.4903160325465e-06,0.0
SPY_5m_strategy_104,f323d58803c3,bollinger_bands,SPY_5m,1m,,30,3.0,traces/signals/bollinger_bands/SPY_5m_strategy_104.parquet,-0.006719806100870196,-0.2997237868789092,-0.022078351474793756,424,0.5059171597633136,-1.584859929450518e-05,0.0
SPY_5m_strategy_105,203fc1421563,bollinger_bands,SPY_5m,1m,,31,1.0,traces/signals/bollinger_bands/SPY_5m_strategy_105.parquet,0.16761832008585698,1.56469759042116,-0.03763307398363447,2619,0.4938823838968557,6.400088586707025e-05,0.0
SPY_5m_strategy_106,9fd39ed6212b,bollinger_bands,SPY_5m,1m,,31,1.5,traces/signals/bollinger_bands/SPY_5m_strategy_106.parquet,0.10144437783753957,1.1433150714524332,-0.05254556906568153,2355,0.4976928147659855,4.307616893313782e-05,0.0
SPY_5m_strategy_107,11129fcb7fa5,bollinger_bands,SPY_5m,1m,,31,2.0,traces/signals/bollinger_bands/SPY_5m_strategy_107.parquet,0.015684649591783284,0.3037078833655131,-0.07059299315479972,1513,0.5031265031265031,1.0366589287365026e-05,0.0
SPY_5m_strategy_108,5b7b08275e14,bollinger_bands,SPY_5m,1m,,31,2.5,traces/signals/bollinger_bands/SPY_5m_strategy_108.parquet,-0.015652353331861657,-0.3449767855717296,-0.05290176370510846,817,0.4983164983164983,-1.9158327211580976e-05,0.0
SPY_5m_strategy_109,121b0501bf35,bollinger_bands,SPY_5m,1m,,31,3.0,traces/signals/bollinger_bands/SPY_5m_strategy_109.parquet,-0.013373156460755542,-0.5990391806323654,-0.02403352567482142,426,0.4971751412429379,-3.13923860581116e-05,0.0
SPY_5m_strategy_110,fc9943afab8c,bollinger_bands,SPY_5m,1m,,32,1.0,traces/signals/bollinger_bands/SPY_5m_strategy_110.parquet,0.1655182152245518,1.545053972236761,-0.03620037905422824,2613,0.49386422976501304,6.33441313526796e-05,0.0
SPY_5m_strategy_111,fff5e7d20b65,bollinger_bands,SPY_5m,1m,,32,1.5,traces/signals/bollinger_bands/SPY_5m_strategy_111.parquet,0.09879401942350752,1.1159034432977293,-0.056227917544415584,2339,0.49923664122137407,4.223771672659577e-05,0.0
SPY_5m_strategy_112,d55aece22ad2,bollinger_bands,SPY_5m,1m,,32,2.0,traces/signals/bollinger_bands/SPY_5m_strategy_112.parquet,0.01202045568491994,0.23719974913610897,-0.0817967832519434,1487,0.5007119126720455,8.083695820390007e-06,0.0
SPY_5m_strategy_113,d39dbfbbb6ae,bollinger_bands,SPY_5m,1m,,32,2.5,traces/signals/bollinger_bands/SPY_5m_strategy_113.parquet,0.0027036380378913094,0.08258429552206571,-0.04232728906029115,833,0.5088105726872246,3.245663911033985e-06,0.0
SPY_5m_strategy_114,106f5e37af28,bollinger_bands,SPY_5m,1m,,32,3.0,traces/signals/bollinger_bands/SPY_5m_strategy_114.parquet,-0.022828776847632848,-0.7307397391028454,-0.03244955295653884,418,0.4945054945054945,-5.461429867854748e-05,0.0
SPY_5m_strategy_115,d758885db870,bollinger_bands,SPY_5m,1m,,33,1.0,traces/signals/bollinger_bands/SPY_5m_strategy_115.parquet,0.15614151475665694,1.4649750408316928,-0.038575687392471414,2569,0.49371028400985606,6.077910266899842e-05,0.0
SPY_5m_strategy_116,e8078f937503,bollinger_bands,SPY_5m,1m,,33,1.5,traces/signals/bollinger_bands/SPY_5m_strategy_116.parquet,0.08381948342866719,0.9498235372363133,-0.05787339096604249,2297,0.4984822202948829,3.649085042606321e-05,0.0
SPY_5m_strategy_117,702487ba1156,bollinger_bands,SPY_5m,1m,,33,2.0,traces/signals/bollinger_bands/SPY_5m_strategy_117.parquet,-0.013033850229221544,-0.20667714284825436,-0.079736380667212,1466,0.49906015037593987,-8.89075731870501e-06,0.0
SPY_5m_strategy_118,fa1bf8b05174,bollinger_bands,SPY_5m,1m,,33,2.5,traces/signals/bollinger_bands/SPY_5m_strategy_118.parquet,0.002944869476788181,0.08831841135733232,-0.03880250970473709,830,0.507103825136612,3.5480355142026277e-06,0.0
SPY_5m_strategy_119,d31ea79e7946,bollinger_bands,SPY_5m,1m,,33,3.0,traces/signals/bollinger_bands/SPY_5m_strategy_119.parquet,-0.03665734790173669,-1.187925437714281,-0.04268945922487266,410,0.48128342245989303,-8.940816561399193e-05,0.0
SPY_5m_strategy_120,67e6717e7708,bollinger_bands,SPY_5m,1m,,34,1.0,traces/signals/bollinger_bands/SPY_5m_strategy_120.parquet,0.18410529837277623,1.6979161364449964,-0.03557206166639326,2552,0.49505459216441877,7.214157459748285e-05,0.0
SPY_5m_strategy_121,22cfbee2a806,bollinger_bands,SPY_5m,1m,,34,1.5,traces/signals/bollinger_bands/SPY_5m_strategy_121.parquet,0.09659234079157941,1.0823323204453037,-0.054407778160159515,2263,0.49967567567567567,4.2683314534502615e-05,0.0
SPY_5m_strategy_122,05f08270acc6,bollinger_bands,SPY_5m,1m,,34,2.0,traces/signals/bollinger_bands/SPY_5m_strategy_122.parquet,-0.012145055967688223,-0.18929536010905498,-0.07680189014177086,1436,0.49698655540101994,-8.457559866078149e-06,0.0
SPY_5m_strategy_123,ea897ab3a2f1,bollinger_bands,SPY_5m,1m,,34,2.5,traces/signals/bollinger_bands/SPY_5m_strategy_123.parquet,0.008347608998229505,0.21287504606570476,-0.0361904054440223,816,0.5075268817204301,1.0229912988026355e-05,0.0
SPY_5m_strategy_124,1c3a4e70fe49,bollinger_bands,SPY_5m,1m,,34,3.0,traces/signals/bollinger_bands/SPY_5m_strategy_124.parquet,-0.04015676568476101,-1.3052808637188433,-0.04236465698444969,410,0.47593582887700536,-9.794333093844148e-05,0.0
SPY_5m_strategy_125,a09b0b058df0,bollinger_bands,SPY_5m,1m,,35,1.0,traces/signals/bollinger_bands/SPY_5m_strategy_125.parquet,0.161211229489032,1.5143378700811545,-0.04420161375948295,2564,0.4956000510139013,6.287489449650233e-05,0.0
SPY_5m_strategy_126,d7fe20354dcb,bollinger_bands,SPY_5m,1m,,35,1.5,traces/signals/bollinger_bands/SPY_5m_strategy_126.parquet,0.09858541534272702,1.1045290999394681,-0.051020924762886555,2229,0.5019497400346621,4.422853985766129e-05,0.0
SPY_5m_strategy_127,6b1245c82ce5,bollinger_bands,SPY_5m,1m,,35,2.0,traces/signals/bollinger_bands/SPY_5m_strategy_127.parquet,-0.018799533053425743,-0.304872956993441,-0.07583221636516535,1414,0.4986276303751144,-1.3295285044855546e-05,0.0
SPY_5m_strategy_128,61c557a6d032,bollinger_bands,SPY_5m,1m,,35,2.5,traces/signals/bollinger_bands/SPY_5m_strategy_128.parquet,-0.002405057908278385,-0.035776640992236736,-0.03323864109754937,817,0.5031315240083507,-2.943767329594107e-06,0.0
SPY_5m_strategy_129,3f89f6cc6584,bollinger_bands,SPY_5m,1m,,35,3.0,traces/signals/bollinger_bands/SPY_5m_strategy_129.parquet,-0.041572893823867196,-1.353007043984753,-0.04323742148224108,416,0.4779220779220779,-9.993484092275768e-05,0.0
SPY_5m_strategy_130,7a965b138401,bollinger_bands,SPY_5m,1m,,36,1.0,traces/signals/bollinger_bands/SPY_5m_strategy_130.parquet,0.16657245954226196,1.5598119329954647,-0.04466504859806697,2566,0.4968282161887846,6.491522195723381e-05,0.0
SPY_5m_strategy_131,cb821ff2857a,bollinger_bands,SPY_5m,1m,,36,1.5,traces/signals/bollinger_bands/SPY_5m_strategy_131.parquet,0.11607820857918605,1.2898406168489707,-0.04976102811824179,2240,0.5029126213592233,5.1820628829993775e-05,0.0
SPY_5m_strategy_132,4b493028d443,bollinger_bands,SPY_5m,1m,,36,2.0,traces/signals/bollinger_bands/SPY_5m_strategy_132.parquet,-0.015255360941950014,-0.2414302203609504,-0.07250219555128745,1426,0.49954504094631486,-1.0698009075701272e-05,0.0
SPY_5m_strategy_133,fa5d65af43e5,bollinger_bands,SPY_5m,1m,,36,2.5,traces/signals/bollinger_bands/SPY_5m_strategy_133.parquet,-0.00260059044175065,-0.039828357733815205,-0.03496097100524809,819,0.5051020408163265,-3.1753241047016483e-06,0.0
SPY_5m_strategy_134,dca305200c6f,bollinger_bands,SPY_5m,1m,,36,3.0,traces/signals/bollinger_bands/SPY_5m_strategy_134.parquet,-0.041533144672695976,-1.3407577316787453,-0.04319774136455301,430,0.47869674185463656,-9.658870854115343e-05,0.0
SPY_5m_strategy_135,52acf43d5a97,bollinger_bands,SPY_5m,1m,,37,1.0,traces/signals/bollinger_bands/SPY_5m_strategy_135.parquet,0.14856715746744253,1.4028011274165864,-0.043395226650862706,2547,0.49564338931683294,5.8330254207869075e-05,0.0
SPY_5m_strategy_136,911d853b7980,bollinger_bands,SPY_5m,1m,,37,1.5,traces/signals/bollinger_bands/SPY_5m_strategy_136.parquet,0.10705673253312509,1.1955475036521583,-0.049368235762974444,2206,0.49989309386358777,4.852979715916822e-05,0.0
SPY_5m_strategy_137,ea707c55ba0f,bollinger_bands,SPY_5m,1m,,37,2.0,traces/signals/bollinger_bands/SPY_5m_strategy_137.parquet,-0.0053894611325980835,-0.06485466738340614,-0.055202902204883,1406,0.5006753714542999,-3.8331871497852655e-06,0.0
SPY_5m_strategy_138,6613ec614cd0,bollinger_bands,SPY_5m,1m,,37,2.5,traces/signals/bollinger_bands/SPY_5m_strategy_138.parquet,-0.010734947524896898,-0.22839915769996288,-0.03663218520540512,815,0.5020283975659229,-1.3171714754474723e-05,0.0
SPY_5m_strategy_139,9b81934ac192,bollinger_bands,SPY_5m,1m,,37,3.0,traces/signals/bollinger_bands/SPY_5m_strategy_139.parquet,-0.02947206497210464,-1.2369317899832686,-0.03115760848466642,418,0.4775,-7.050733246914985e-05,0.0
SPY_5m_strategy_140,4be6b887eb6a,bollinger_bands,SPY_5m,1m,,38,1.0,traces/signals/bollinger_bands/SPY_5m_strategy_140.parquet,0.13774673920245517,1.312734536391142,-0.046578727787667806,2492,0.49416781638028345,5.527557752907511e-05,0.0
SPY_5m_strategy_141,bd9099be5311,bollinger_bands,SPY_5m,1m,,38,1.5,traces/signals/bollinger_bands/SPY_5m_strategy_141.parquet,0.07109838906818822,0.8281174927749845,-0.05387045415465097,2168,0.497131931166348,3.279445990230084e-05,0.0
SPY_5m_strategy_142,2da25874102c,bollinger_bands,SPY_5m,1m,,38,2.0,traces/signals/bollinger_bands/SPY_5m_strategy_142.parquet,-0.013625944377907095,-0.20682054282063364,-0.05376738906273315,1369,0.49866190900981266,-9.953209918120595e-06,0.0
SPY_5m_strategy_143,dadf14ae5e7c,bollinger_bands,SPY_5m,1m,,38,2.5,traces/signals/bollinger_bands/SPY_5m_strategy_143.parquet,-0.018763069006535016,-0.40830235312076174,-0.04523549356760348,808,0.4979919678714859,-2.3221620057592843e-05,0.0
SPY_5m_strategy_144,4314274a2493,bollinger_bands,SPY_5m,1m,,38,3.0,traces/signals/bollinger_bands/SPY_5m_strategy_144.parquet,-0.018203041259482022,-0.660245663870894,-0.02659450270417607,425,0.4830097087378641,-4.283068531642829e-05,0.0
SPY_5m_strategy_145,eaf444435d31,bollinger_bands,SPY_5m,1m,,39,1.0,traces/signals/bollinger_bands/SPY_5m_strategy_145.parquet,0.144319266514215,1.3678743125149049,-0.045479330699451204,2463,0.49449587190392796,5.859491129281974e-05,0.0
SPY_5m_strategy_146,ae25ec524428,bollinger_bands,SPY_5m,1m,,39,1.5,traces/signals/bollinger_bands/SPY_5m_strategy_146.parquet,0.09417375998154798,1.0672838260441677,-0.054323341579300966,2139,0.4963998305802626,4.4027003263930796e-05,0.0
SPY_5m_strategy_147,b62de6c472a8,bollinger_bands,SPY_5m,1m,,39,2.0,traces/signals/bollinger_bands/SPY_5m_strategy_147.parquet,-0.013240677842167758,-0.20043391601719568,-0.053337683669117064,1366,0.4991119005328597,-9.693029167033497e-06,0.0
SPY_5m_strategy_148,3ea67419245e,bollinger_bands,SPY_5m,1m,,39,2.5,traces/signals/bollinger_bands/SPY_5m_strategy_148.parquet,-0.030662677387073622,-0.682819800231158,-0.05359363740456857,798,0.49405940594059405,-3.842440775322509e-05,0.0
SPY_5m_strategy_149,7f544d066167,bollinger_bands,SPY_5m,1m,,39,3.0,traces/signals/bollinger_bands/SPY_5m_strategy_149.parquet,-0.014591131519262723,-0.5197845202830298,-0.02496533342277818,409,0.4879807692307692,-3.567513818890642e-05,0.0
SPY_5m_strategy_150,b3883b4a99a3,bollinger_bands,SPY_5m,1m,,40,1.0,traces/signals/bollinger_bands/SPY_5m_strategy_150.parquet,0.22952659083404714,1.6889897094275101,-0.050102672456004194,2437,0.4941874845411823,9.418407502422944e-05,0.0
SPY_5m_strategy_151,07cc89a7abb6,bollinger_bands,SPY_5m,1m,,40,1.5,traces/signals/bollinger_bands/SPY_5m_strategy_151.parquet,0.09666168189729563,1.099649674995105,-0.0562922876897628,2103,0.49557148882328134,4.596370988934647e-05,0.0
SPY_5m_strategy_152,8938d657206d,bollinger_bands,SPY_5m,1m,,40,2.0,traces/signals/bollinger_bands/SPY_5m_strategy_152.parquet,-0.013068976661264387,-0.19702536878442925,-0.05243432363609657,1344,0.4962439239946973,-9.723940968202668e-06,0.0
SPY_5m_strategy_153,d760aa12c26d,bollinger_bands,SPY_5m,1m,,40,2.5,traces/signals/bollinger_bands/SPY_5m_strategy_153.parquet,-0.03457343809073987,-0.7665626333786295,-0.057704908212895645,784,0.4917555771096023,-4.409877307492331e-05,0.0
SPY_5m_strategy_154,b8f69004794a,bollinger_bands,SPY_5m,1m,,40,3.0,traces/signals/bollinger_bands/SPY_5m_strategy_154.parquet,0.009071361525013533,0.3160826357213575,-0.023454835587682243,413,0.4964200477326969,2.1964555750638094e-05,0.0
SPY_5m_strategy_155,982f190045df,bollinger_bands,SPY_5m,1m,,41,1.0,traces/signals/bollinger_bands/SPY_5m_strategy_155.parquet,0.22793686795422086,1.6825334364800035,-0.05132470485729246,2399,0.4933793897524468,9.501328384919585e-05,0.0
SPY_5m_strategy_156,e2b1b30f7db7,bollinger_bands,SPY_5m,1m,,41,1.5,traces/signals/bollinger_bands/SPY_5m_strategy_156.parquet,0.09656639837596326,1.107414099798137,-0.056068014935949484,2074,0.4948734044779243,4.656046209062838e-05,0.0
SPY_5m_strategy_157,67715670cb1e,bollinger_bands,SPY_5m,1m,,41,2.0,traces/signals/bollinger_bands/SPY_5m_strategy_157.parquet,-0.0026086727493256356,-0.01667938225946974,-0.05106615708480078,1332,0.4982486865148862,-1.958463025019246e-06,0.0
SPY_5m_strategy_158,a5104b8d3e6d,bollinger_bands,SPY_5m,1m,,41,2.5,traces/signals/bollinger_bands/SPY_5m_strategy_158.parquet,-0.03520041808079122,-0.776546160958544,-0.053685725483160196,772,0.4898941289701636,-4.5596396477708834e-05,0.0
SPY_5m_strategy_159,d00ae37d79c7,bollinger_bands,SPY_5m,1m,,41,3.0,traces/signals/bollinger_bands/SPY_5m_strategy_159.parquet,0.007713478699185039,0.2700710753780446,-0.02493829132113279,419,0.49414519906323184,1.8409257038627778e-05,0.0
SPY_5m_strategy_160,e220d2e71910,bollinger_bands,SPY_5m,1m,,42,1.0,traces/signals/bollinger_bands/SPY_5m_strategy_160.parquet,0.21299530788216825,1.5864076676737047,-0.05176916664138542,2342,0.4933114485022569,9.094590430493947e-05,0.0
SPY_5m_strategy_161,ab7c0e7f655a,bollinger_bands,SPY_5m,1m,,42,1.5,traces/signals/bollinger_bands/SPY_5m_strategy_161.parquet,0.07996488501690324,0.9393132017557898,-0.05444507592084091,2036,0.4946886065403041,3.927548380005071e-05,0.0
SPY_5m_strategy_162,c57589d57999,bollinger_bands,SPY_5m,1m,,42,2.0,traces/signals/bollinger_bands/SPY_5m_strategy_162.parquet,0.004200408726731997,0.0994500043231592,-0.05122305104244229,1336,0.49956634865568084,3.1440185080329315e-06,0.0
SPY_5m_strategy_163,b90676e7d2bf,bollinger_bands,SPY_5m,1m,,42,2.5,traces/signals/bollinger_bands/SPY_5m_strategy_163.parquet,-0.04079316853137527,-0.9018504421638625,-0.054543238445510456,756,0.48596321393998065,-5.395921763409427e-05,0.0
SPY_5m_strategy_164,dc69454680dd,bollinger_bands,SPY_5m,1m,,42,3.0,traces/signals/bollinger_bands/SPY_5m_strategy_164.parquet,0.0166054005306695,0.5610942173627445,-0.02745811866980674,423,0.49206349206349204,3.925626602995154e-05,0.0
SPY_5m_strategy_165,cf7e04d7a203,bollinger_bands,SPY_5m,1m,,43,1.0,traces/signals/bollinger_bands/SPY_5m_strategy_165.parquet,0.1735510959628248,1.3345372724408195,-0.05575745331222215,2312,0.49235423992149807,7.506535292509724e-05,0.0
SPY_5m_strategy_166,d46c03425876,bollinger_bands,SPY_5m,1m,,43,1.5,traces/signals/bollinger_bands/SPY_5m_strategy_166.parquet,0.07612507155673875,0.8974717326053511,-0.06067487157409046,2027,0.49420049710024855,3.755553604180501e-05,0.0
SPY_5m_strategy_167,0b782f99e318,bollinger_bands,SPY_5m,1m,,43,2.0,traces/signals/bollinger_bands/SPY_5m_strategy_167.parquet,0.01097229883100237,0.2145987406565483,-0.054793506834498906,1368,0.5015092712376024,8.020686279972493e-06,0.0
SPY_5m_strategy_168,3d1cbefd6106,bollinger_bands,SPY_5m,1m,,43,2.5,traces/signals/bollinger_bands/SPY_5m_strategy_168.parquet,-0.023755504686431506,-0.5077190673250072,-0.04816481326983535,763,0.4883720930232558,-3.113434428103736e-05,0.0
SPY_5m_strategy_169,3ceb6b5fca2a,bollinger_bands,SPY_5m,1m,,43,3.0,traces/signals/bollinger_bands/SPY_5m_strategy_169.parquet,0.01708665561730993,0.5820746377353444,-0.028587097883371992,423,0.4823008849557522,4.0393984910898184e-05,0.0
SPY_5m_strategy_170,eda5c120abc6,bollinger_bands,SPY_5m,1m,,44,1.0,traces/signals/bollinger_bands/SPY_5m_strategy_170.parquet,0.17468437588250674,1.3415827052216132,-0.05646833002893836,2311,0.49220726234190126,7.558821976741962e-05,0.0
SPY_5m_strategy_171,f4f9192e7ee6,bollinger_bands,SPY_5m,1m,,44,1.5,traces/signals/bollinger_bands/SPY_5m_strategy_171.parquet,0.09769730538250077,1.1329601308762616,-0.058224421651321245,2038,0.4955495756572138,4.79378338481358e-05,0.0
SPY_5m_strategy_172,f4a6baef696d,bollinger_bands,SPY_5m,1m,,44,2.0,traces/signals/bollinger_bands/SPY_5m_strategy_172.parquet,0.009846141208768477,0.19507454572109315,-0.054813882771837186,1350,0.5008561643835616,7.293437932421094e-06,0.0
SPY_5m_strategy_173,2b3523a73ed3,bollinger_bands,SPY_5m,1m,,44,2.5,traces/signals/bollinger_bands/SPY_5m_strategy_173.parquet,-0.028209030416582404,-0.6066064214680479,-0.05265855390186036,747,0.4831243972999036,-3.776309292715181e-05,0.0
SPY_5m_strategy_174,db41eba7249d,bollinger_bands,SPY_5m,1m,,44,3.0,traces/signals/bollinger_bands/SPY_5m_strategy_174.parquet,0.017876507917059525,0.6033052917792874,-0.02692835934908211,423,0.4868995633187773,4.2261248030873584e-05,0.0
SPY_5m_strategy_175,ed91ff086529,bollinger_bands,SPY_5m,1m,,45,1.0,traces/signals/bollinger_bands/SPY_5m_strategy_175.parquet,0.1818808327217245,1.3899787230954213,-0.05965253273905735,2287,0.49227893368010406,7.952812974277416e-05,0.0
SPY_5m_strategy_176,37ac1f916597,bollinger_bands,SPY_5m,1m,,45,1.5,traces/signals/bollinger_bands/SPY_5m_strategy_176.parquet,0.0903139074484065,1.0595663888118285,-0.059261079545465,2002,0.4937048503611971,4.511184188232093e-05,0.0
SPY_5m_strategy_177,86aa81d899d3,bollinger_bands,SPY_5m,1m,,45,2.0,traces/signals/bollinger_bands/SPY_5m_strategy_177.parquet,-0.005553923174934194,-0.06765498476347062,-0.05957960435986598,1336,0.49807610089781956,-4.157128124950744e-06,0.0
SPY_5m_strategy_178,e54423f5706e,bollinger_bands,SPY_5m,1m,,45,2.5,traces/signals/bollinger_bands/SPY_5m_strategy_178.parquet,-0.026816456557554602,-0.5732660861804754,-0.04992297667843437,749,0.484819734345351,-3.580301276042003e-05,0.0
SPY_5m_strategy_179,845482b68208,bollinger_bands,SPY_5m,1m,,45,3.0,traces/signals/bollinger_bands/SPY_5m_strategy_179.parquet,0.017496128730781768,0.5820681336676252,-0.023917860364801258,413,0.48936170212765956,4.2363507822716143e-05,0.0
SPY_5m_strategy_180,8c6ec2c9aca8,bollinger_bands,SPY_5m,1m,,46,1.0,traces/signals/bollinger_bands/SPY_5m_strategy_180.parquet,0.14540033054146906,1.1385816472490033,-0.07395474925372603,2238,0.4917037636584379,6.49688697683061e-05,0.0
SPY_5m_strategy_181,bca709053121,bollinger_bands,SPY_5m,1m,,46,1.5,traces/signals/bollinger_bands/SPY_5m_strategy_181.parquet,0.0832770299721286,0.9832243697780413,-0.0643135942447477,1938,0.49287925696594426,4.297060370078875e-05,0.0
SPY_5m_strategy_182,907aba3382bd,bollinger_bands,SPY_5m,1m,,46,2.0,traces/signals/bollinger_bands/SPY_5m_strategy_182.parquet,-0.009687607227222506,-0.13833165128520747,-0.06028626599293008,1301,0.4948892674616695,-7.446277653514608e-06,0.0
SPY_5m_strategy_183,40a09c6f1749,bollinger_bands,SPY_5m,1m,,46,2.5,traces/signals/bollinger_bands/SPY_5m_strategy_183.parquet,-0.026794147879559693,-0.5612145013181407,-0.05587606042039028,735,0.4835371589840075,-3.645462296538734e-05,0.0
SPY_5m_strategy_184,8243226432b5,bollinger_bands,SPY_5m,1m,,46,3.0,traces/signals/bollinger_bands/SPY_5m_strategy_184.parquet,0.01489925988670926,0.4974046498021844,-0.02566272993900398,407,0.4838709677419355,3.66075181491628e-05,0.0
SPY_5m_strategy_185,558bc0157961,bollinger_bands,SPY_5m,1m,,47,1.0,traces/signals/bollinger_bands/SPY_5m_strategy_185.parquet,0.13797961808970483,1.0856820149841362,-0.07323381790956063,2191,0.49082828282828284,6.297563582369002e-05,0.0
SPY_5m_strategy_186,a2ae0926bfd8,bollinger_bands,SPY_5m,1m,,47,1.5,traces/signals/bollinger_bands/SPY_5m_strategy_186.parquet,0.10063277382828417,1.1704417102887297,-0.06193974881564823,1934,0.494546202922412,5.2033492155265856e-05,0.0
SPY_5m_strategy_187,93f8f292c3b3,bollinger_bands,SPY_5m,1m,,47,2.0,traces/signals/bollinger_bands/SPY_5m_strategy_187.parquet,-0.002756359376386186,-0.019416410790064637,-0.06014210580776691,1303,0.4959660297239915,-2.1153947631513325e-06,0.0
SPY_5m_strategy_188,5113d0b15dcb,bollinger_bands,SPY_5m,1m,,47,2.5,traces/signals/bollinger_bands/SPY_5m_strategy_188.parquet,-0.039579111326551786,-0.8482601569773254,-0.05969246748360113,712,0.4788732394366197,-5.558863950358397e-05,0.0
SPY_5m_strategy_189,a01de85e25bc,bollinger_bands,SPY_5m,1m,,47,3.0,traces/signals/bollinger_bands/SPY_5m_strategy_189.parquet,0.022913430416776626,0.7511430499770876,-0.025940741083385732,417,0.4904862579281184,5.494827438075929e-05,0.0
SPY_5m_strategy_190,35ec37dfc29d,bollinger_bands,SPY_5m,1m,,48,1.0,traces/signals/bollinger_bands/SPY_5m_strategy_190.parquet,0.14750016004789135,1.1551715287526458,-0.08232010404235679,2178,0.49095022624434387,6.772275484292532e-05,0.0
SPY_5m_strategy_191,f4f89ea896e0,bollinger_bands,SPY_5m,1m,,48,1.5,traces/signals/bollinger_bands/SPY_5m_strategy_191.parquet,0.1226556442748703,1.369654518424316,-0.06034046384221026,1900,0.4932349323493235,6.455560224993174e-05,0.0
SPY_5m_strategy_192,430f9f4d0cc9,bollinger_bands,SPY_5m,1m,,48,2.0,traces/signals/bollinger_bands/SPY_5m_strategy_192.parquet,0.018906487945917982,0.3480061475918945,-0.052301396731833205,1285,0.49787414965986393,1.4713220191375862e-05,0.0
SPY_5m_strategy_193,976d3195b96e,bollinger_bands,SPY_5m,1m,,48,2.5,traces/signals/bollinger_bands/SPY_5m_strategy_193.parquet,-0.03739808743497808,-0.8011736501248176,-0.058674545784598964,716,0.4767225325884544,-5.223196569131016e-05,0.0
SPY_5m_strategy_194,57ba9da33d32,bollinger_bands,SPY_5m,1m,,48,3.0,traces/signals/bollinger_bands/SPY_5m_strategy_194.parquet,0.0214048170799106,0.6977736597895954,-0.02703668611630905,417,0.48333333333333334,5.133049659450983e-05,0.0
SPY_5m_strategy_195,fc33d53291ae,bollinger_bands,SPY_5m,1m,,49,1.0,traces/signals/bollinger_bands/SPY_5m_strategy_195.parquet,0.14239686601482893,1.119440342385241,-0.08004046643508433,2154,0.4904171364148816,6.610810864198186e-05,0.0
SPY_5m_strategy_196,3374f282b6dd,bollinger_bands,SPY_5m,1m,,49,1.5,traces/signals/bollinger_bands/SPY_5m_strategy_196.parquet,0.08482643748356655,1.0860650969483336,-0.05350611337261202,1888,0.49415384615384617,4.4929257141719575e-05,0.0
SPY_5m_strategy_197,92f6b1f7f323,bollinger_bands,SPY_5m,1m,,49,2.0,traces/signals/bollinger_bands/SPY_5m_strategy_197.parquet,0.02630650238677834,0.47046150969510603,-0.0530804439039394,1269,0.4993619736282433,2.0730104323702397e-05,0.0
SPY_5m_strategy_198,8b8b16adb7f2,bollinger_bands,SPY_5m,1m,,49,2.5,traces/signals/bollinger_bands/SPY_5m_strategy_198.parquet,-0.042725270097831114,-0.9161189806839636,-0.06482193516902268,700,0.4713493530499076,-6.103610013975874e-05,0.0
SPY_5m_strategy_199,be6753113238,bollinger_bands,SPY_5m,1m,,49,3.0,traces/signals/bollinger_bands/SPY_5m_strategy_199.parquet,0.018590421957895398,0.605959232794427,-0.02508478132612013,423,0.4817073170731707,4.3948988080130966e-05,0.0
SPY_5m_strategy_200,62d9cb196ebd,bollinger_bands,SPY_5m,1m,,50,1.0,traces/signals/bollinger_bands/SPY_5m_strategy_200.parquet,0.1517712851516868,1.1879616468930116,-0.07432981024735197,2140,0.4910376979342497,7.092116128583496e-05,0.0
SPY_5m_strategy_201,ec97b6c35e6f,bollinger_bands,SPY_5m,1m,,50,1.5,traces/signals/bollinger_bands/SPY_5m_strategy_201.parquet,0.0776760124681184,0.9949303777915045,-0.046035120137510877,1868,0.4947649353315541,4.1582447788071945e-05,0.0
SPY_5m_strategy_202,26929cd65e11,bollinger_bands,SPY_5m,1m,,50,2.0,traces/signals/bollinger_bands/SPY_5m_strategy_202.parquet,0.015316737999147012,0.28613203756931627,-0.06368866216826652,1234,0.49529512403763903,1.241226742232335e-05,0.0
SPY_5m_strategy_203,ec32e6085e21,bollinger_bands,SPY_5m,1m,,50,2.5,traces/signals/bollinger_bands/SPY_5m_strategy_203.parquet,-0.03877077695554787,-0.82906362473564,-0.05997679096006714,702,0.471889400921659,-5.5229027002204945e-05,0.0
SPY_5m_strategy_204,061797342482,bollinger_bands,SPY_5m,1m,,50,3.0,traces/signals/bollinger_bands/SPY_5m_strategy_204.parquet,0.019158254193681667,0.612145020619261,-0.023947825737016593,417,0.4810379241516966,4.594305562033973e-05,0.0
