strategy_id,strategy_hash,strategy_type,symbol,timeframe,constraints,period,std_dev,trace_path,total_return,sharpe_ratio,max_drawdown,num_trades,win_rate,avg_return_per_trade,total_execution_cost,profit_factor,avg_winner,avg_loser,pf_bin,trades_per_day
SPY_5m_strategy_6,7ffc4afaadf1,bollinger_bands,SPY_5m,1m,,11,1.5,traces/signals/bollinger_bands/SPY_5m_strategy_6.parquet,-0.01680424680904602,-0.32009519243088774,-0.049018353427384476,1414,0.574964639321075,-1.126608346209465e-05,0.14140000000000003,0.9712755279995929,0.0006625554339736988,-0.0009227750579634259,0.8-1.0,5.5234375
SPY_5m_strategy_1,3bee7e1ff576,bollinger_bands,SPY_5m,1m,,10,1.5,traces/signals/bollinger_bands/SPY_5m_strategy_1.parquet,-0.021513443544887823,-0.427598400030017,-0.0649850166119641,1379,0.564902102973169,-1.5067979530032418e-05,0.13790000000000002,0.9615665888473539,0.0006673478456213295,-0.0009010711925182172,0.8-1.0,5.38671875
SPY_5m_strategy_32,bb047773debb,bollinger_bands,SPY_5m,1m,,16,2.0,traces/signals/bollinger_bands/SPY_5m_strategy_32.parquet,-0.022654408210795007,-0.6045065754079719,-0.042725798816108385,802,0.5523690773067331,-2.7872456987007162e-05,0.08020000000000002,0.9291511085978829,0.0006617579788439718,-0.0008788648889455691,0.8-1.0,3.1328125
SPY_5m_strategy_47,8baa1f123457,bollinger_bands,SPY_5m,1m,,19,2.0,traces/signals/bollinger_bands/SPY_5m_strategy_47.parquet,-0.023077606038799825,-0.6051961010674822,-0.03845436309653527,814,0.558968058968059,-2.7969476699077265e-05,0.08140000000000001,0.9289788411574179,0.0006545086901714196,-0.0008929487689722697,0.8-1.0,3.1796875
SPY_5m_strategy_52,49cbed903ac4,bollinger_bands,SPY_5m,1m,,20,2.0,traces/signals/bollinger_bands/SPY_5m_strategy_52.parquet,-0.02770465119227561,-0.7389224393756617,-0.04267768963940133,819,0.5470085470085471,-3.360923089360143e-05,0.08190000000000003,0.9147762271961182,0.0006595057337074806,-0.0008705782447515119,0.8-1.0,3.19921875
SPY_5m_strategy_37,8e87066c3723,bollinger_bands,SPY_5m,1m,,17,2.0,traces/signals/bollinger_bands/SPY_5m_strategy_37.parquet,-0.02780520074591586,-0.7488142347094696,-0.038984993207091145,800,0.54,-3.4549627004750905e-05,0.08000000000000002,0.9127309055904813,0.0006691629548392782,-0.0008606470056912198,0.8-1.0,3.125
SPY_5m_strategy_42,5c7108270d04,bollinger_bands,SPY_5m,1m,,18,2.0,traces/signals/bollinger_bands/SPY_5m_strategy_42.parquet,-0.029091535325639906,-0.7524355913720254,-0.04528690665145385,805,0.5565217391304348,-3.592131778007119e-05,0.08050000000000002,0.9118690520024783,0.0006678426666743886,-0.0009190761218013543,0.8-1.0,3.14453125
SPY_5m_strategy_12,3f61275abdc4,bollinger_bands,SPY_5m,1m,,12,2.0,traces/signals/bollinger_bands/SPY_5m_strategy_12.parquet,-0.026264590047659464,-0.7749040549368653,-0.041045891665541956,770,0.5181818181818182,-3.395853089471882e-05,0.07700000000000001,0.907235256237377,0.0006409198065139943,-0.0007597710824474856,0.8-1.0,3.0078125
SPY_5m_strategy_7,b9277649d929,bollinger_bands,SPY_5m,1m,,11,2.0,traces/signals/bollinger_bands/SPY_5m_strategy_7.parquet,-0.027198158226439673,-0.7993875965600341,-0.038229284898450344,744,0.5241935483870968,-3.6428428394251555e-05,0.07440000000000002,0.901725577126552,0.0006376504200393849,-0.0007790576681940205,0.8-1.0,2.90625
SPY_5m_strategy_22,f1ad6d1f3a6b,bollinger_bands,SPY_5m,1m,,14,2.0,traces/signals/bollinger_bands/SPY_5m_strategy_22.parquet,-0.028659272935705582,-0.843507543402298,-0.03706555787118326,787,0.5133418043202033,-3.634749757476748e-05,0.07870000000000002,0.9011664927102476,0.0006456077148711336,-0.0007556945101808878,0.8-1.0,3.07421875
SPY_5m_strategy_31,1729defe80ec,bollinger_bands,SPY_5m,1m,,16,1.5,traces/signals/bollinger_bands/SPY_5m_strategy_31.parquet,-0.052972541691921005,-0.99236606701932,-0.06324054762016351,1448,0.5911602209944752,-3.677032212551985e-05,0.14480000000000004,0.9093268677151173,0.000623783146020465,-0.0009918949314717412,0.8-1.0,5.65625
SPY_5m_strategy_27,de310b1d719c,bollinger_bands,SPY_5m,1m,,15,2.0,traces/signals/bollinger_bands/SPY_5m_strategy_27.parquet,-0.0342754973088758,-0.9973820760788057,-0.037001125794050016,812,0.5307881773399015,-4.2349817436181384e-05,0.08120000000000002,0.8871763669143805,0.0006273937461799876,-0.0007999862371699579,0.8-1.0,3.171875
SPY_5m_strategy_21,7ac75d9a0237,bollinger_bands,SPY_5m,1m,,14,1.5,traces/signals/bollinger_bands/SPY_5m_strategy_21.parquet,-0.05476437894022257,-1.0165378125017004,-0.06715100715737632,1440,0.5965277777777778,-3.827239813608242e-05,0.14400000000000004,0.9066645065002554,0.0006232392418433586,-0.0010163076799645503,0.8-1.0,5.625
SPY_5m_strategy_11,f9a95a9ec1bb,bollinger_bands,SPY_5m,1m,,12,1.5,traces/signals/bollinger_bands/SPY_5m_strategy_11.parquet,-0.0523823693976615,-1.0533176293412856,-0.06927163026597116,1423,0.5804638088545326,-3.7085522056423415e-05,0.14230000000000004,0.9081653257551459,0.0006318114268622761,-0.0009625610326206539,0.8-1.0,5.55859375
SPY_5m_strategy_26,e837394fa671,bollinger_bands,SPY_5m,1m,,15,1.5,traces/signals/bollinger_bands/SPY_5m_strategy_26.parquet,-0.06145041464593415,-1.1483750660982286,-0.07192161586512236,1434,0.6032078103207811,-4.338379740632723e-05,0.14340000000000003,0.8954431911452878,0.0006159512287100231,-0.0010457120884267898,0.8-1.0,5.6015625
SPY_5m_strategy_16,6312bf78024e,bollinger_bands,SPY_5m,1m,,13,1.5,traces/signals/bollinger_bands/SPY_5m_strategy_16.parquet,-0.059725998542863756,-1.169274165382755,-0.06999315711952991,1446,0.5802213001383126,-4.182834169325016e-05,0.14460000000000006,0.8963665646268248,0.0006235377231655609,-0.000961502358853946,0.8-1.0,5.6484375
SPY_5m_strategy_150,b3883b4a99a3,bollinger_bands,SPY_5m,1m,,40,1.0,traces/signals/bollinger_bands/SPY_5m_strategy_150.parquet,-0.09575421202160828,-1.210348710311578,-0.10661884499208873,1230,0.6487804878048781,-7.963249040879963e-05,0.12300000000000003,0.865486152707461,0.0007897427497221926,-0.001685561753428549,0.8-1.0,4.8046875
SPY_5m_strategy_36,cc981e9ed262,bollinger_bands,SPY_5m,1m,,17,1.5,traces/signals/bollinger_bands/SPY_5m_strategy_36.parquet,-0.06721567832654385,-1.215384616413005,-0.07467277053257182,1436,0.5898328690807799,-4.755038369424974e-05,0.14360000000000003,0.8866555339516218,0.0006306373133668562,-0.00102280501766837,0.8-1.0,5.609375
SPY_5m_strategy_120,67e6717e7708,bollinger_bands,SPY_5m,1m,,34,1.0,traces/signals/bollinger_bands/SPY_5m_strategy_120.parquet,-0.1010136061050173,-1.2819131677214977,-0.11603824863919887,1279,0.6497263487099296,-8.114084283667296e-05,0.1279,0.8607570002504928,0.0007719980934206255,-0.0016636373964746527,0.8-1.0,4.99609375
SPY_5m_strategy_77,a2e4b74d4249,bollinger_bands,SPY_5m,1m,,25,2.0,traces/signals/bollinger_bands/SPY_5m_strategy_77.parquet,-0.05420032716572187,-1.2864353099472572,-0.05830547282116194,766,0.5783289817232375,-7.176575718148377e-05,0.07660000000000002,0.8444770208776089,0.0006738071023462173,-0.001094331629536814,0.8-1.0,2.9921875
SPY_5m_strategy_155,982f190045df,bollinger_bands,SPY_5m,1m,,41,1.0,traces/signals/bollinger_bands/SPY_5m_strategy_155.parquet,-0.1029337214103967,-1.3076687136019487,-0.11296946519799078,1211,0.6473988439306358,-8.746003914140276e-05,0.12110000000000003,0.8544834045459956,0.0007932842922805425,-0.0017045643853587451,0.8-1.0,4.73046875
SPY_5m_strategy_90,99ba9aeafcd7,bollinger_bands,SPY_5m,1m,,28,1.0,traces/signals/bollinger_bands/SPY_5m_strategy_90.parquet,-0.10541650001231062,-1.319781663581475,-0.12326035936711288,1355,0.6420664206642066,-8.01461079607257e-05,0.1355,0.8596207125423768,0.0007643747234621578,-0.0015950597643275477,0.8-1.0,5.29296875
SPY_5m_strategy_57,6b16474082ff,bollinger_bands,SPY_5m,1m,,21,2.0,traces/signals/bollinger_bands/SPY_5m_strategy_57.parquet,-0.05202267546196726,-1.323581526628053,-0.05917035487752542,809,0.553770086526576,-6.522919815303538e-05,0.08090000000000001,0.8456564317828602,0.0006453836627478968,-0.0009470977900744139,0.8-1.0,3.16015625
SPY_5m_strategy_130,7a965b138401,bollinger_bands,SPY_5m,1m,,36,1.0,traces/signals/bollinger_bands/SPY_5m_strategy_130.parquet,-0.10451310943957492,-1.327201343000074,-0.1153071045619235,1293,0.6473317865429234,-8.326978883797185e-05,0.12930000000000003,0.8551760461509753,0.0007595837371273008,-0.001630349616103176,0.8-1.0,5.05078125
SPY_5m_strategy_125,a09b0b058df0,bollinger_bands,SPY_5m,1m,,35,1.0,traces/signals/bollinger_bands/SPY_5m_strategy_125.parquet,-0.10536556750890658,-1.3364888976265616,-0.11764961526000339,1292,0.6486068111455109,-8.406396696372658e-05,0.12920000000000004,0.8550469864734449,0.0007645239721211865,-0.001650400295054381,0.8-1.0,5.046875
SPY_5m_strategy_56,e1a5b15c1c4d,bollinger_bands,SPY_5m,1m,,21,1.5,traces/signals/bollinger_bands/SPY_5m_strategy_56.parquet,-0.08097031383667852,-1.3450602214173843,-0.08121946640928923,1347,0.5894580549368968,-6.152453343755768e-05,0.13470000000000001,0.8637610711114544,0.0006617406727806968,-0.0010999921170493007,0.8-1.0,5.26171875
SPY_5m_strategy_62,9b3b4bc11856,bollinger_bands,SPY_5m,1m,,22,2.0,traces/signals/bollinger_bands/SPY_5m_strategy_62.parquet,-0.0539652790193732,-1.3458609230130547,-0.05947068532084976,798,0.5588972431077694,-6.866371019326253e-05,0.07980000000000001,0.8421051251607655,0.0006552297024395376,-0.000985869568245049,0.8-1.0,3.1171875
SPY_5m_strategy_145,eaf444435d31,bollinger_bands,SPY_5m,1m,,39,1.0,traces/signals/bollinger_bands/SPY_5m_strategy_145.parquet,-0.10711833333511978,-1.359847798218127,-0.1190729428500239,1243,0.6444086886564763,-8.895278480285245e-05,0.12430000000000002,0.8492879406608578,0.0007778665831490172,-0.001659817747991648,0.8-1.0,4.85546875
SPY_5m_strategy_100,09ec9f49753c,bollinger_bands,SPY_5m,1m,,30,1.0,traces/signals/bollinger_bands/SPY_5m_strategy_100.parquet,-0.10739463571843344,-1.3643605587685583,-0.12737646051926965,1335,0.6434456928838951,-8.305657498245199e-05,0.13350000000000004,0.8556262588024528,0.0007649939732793848,-0.0016134671232112708,0.8-1.0,5.21484375
SPY_5m_strategy_72,cc91a898fba5,bollinger_bands,SPY_5m,1m,,24,2.0,traces/signals/bollinger_bands/SPY_5m_strategy_72.parquet,-0.05565113175297831,-1.3691215266563135,-0.058480151657543056,783,0.5721583652618135,-7.223111856257154e-05,0.07830000000000001,0.8373570403584997,0.000649955309580528,-0.0010380207299300601,0.8-1.0,3.05859375
SPY_5m_strategy_17,47f300ade5d5,bollinger_bands,SPY_5m,1m,,13,2.0,traces/signals/bollinger_bands/SPY_5m_strategy_17.parquet,-0.04581266609147294,-1.3699908204555244,-0.04845108759399952,774,0.5012919896640827,-5.9977493113109934e-05,0.07740000000000002,0.8426731078936965,0.0006408460557160014,-0.0007644322520397816,0.8-1.0,3.0234375
SPY_5m_strategy_201,ec97b6c35e6f,bollinger_bands,SPY_5m,1m,,50,1.5,traces/signals/bollinger_bands/SPY_5m_strategy_201.parquet,-0.09072398221885092,-1.3739577198736272,-0.0977512169489998,935,0.6342245989304813,-9.968144015739818e-05,0.09350000000000003,0.8243454132566804,0.0007376000755063808,-0.0015514590389545356,0.8-1.0,3.65234375
SPY_5m_strategy_160,e220d2e71910,bollinger_bands,SPY_5m,1m,,42,1.0,traces/signals/bollinger_bands/SPY_5m_strategy_160.parquet,-0.10778656308982515,-1.38233191846479,-0.11352159761788738,1187,0.6478517270429655,-9.382192711777657e-05,0.11870000000000003,0.8452867247501107,0.0007912344656940318,-0.0017220716067165341,0.8-1.0,4.63671875
SPY_5m_strategy_85,916f54433143,bollinger_bands,SPY_5m,1m,,27,1.0,traces/signals/bollinger_bands/SPY_5m_strategy_85.parquet,-0.10997450275745257,-1.3843390851094906,-0.12762992432890807,1364,0.6334310850439883,-8.336916995356082e-05,0.13640000000000002,0.8544851155640704,0.0007728641964650047,-0.0015629404271248419,0.8-1.0,5.328125
SPY_5m_strategy_110,fc9943afab8c,bollinger_bands,SPY_5m,1m,,32,1.0,traces/signals/bollinger_bands/SPY_5m_strategy_110.parquet,-0.1087149048308631,-1.3883278837719975,-0.12885748290318466,1310,0.6450381679389313,-8.578766982420836e-05,0.13100000000000003,0.8516064525917756,0.0007632439751942685,-0.0016286516269007954,0.8-1.0,5.1171875
SPY_5m_strategy_196,3374f282b6dd,bollinger_bands,SPY_5m,1m,,49,1.5,traces/signals/bollinger_bands/SPY_5m_strategy_196.parquet,-0.09179992783631408,-1.3927389835406796,-0.1001809614762833,944,0.6260593220338984,-9.998887958982045e-05,0.09440000000000003,0.8229218290059961,0.0007422150741519209,-0.0015100243942112626,0.8-1.0,3.6875
SPY_5m_strategy_105,203fc1421563,bollinger_bands,SPY_5m,1m,,31,1.0,traces/signals/bollinger_bands/SPY_5m_strategy_105.parquet,-0.11029773349185856,-1.4057443776534402,-0.12889765179891877,1310,0.6427480916030535,-8.71318535701303e-05,0.13100000000000003,0.8502120370230177,0.0007694607858228709,-0.0016282664740165128,0.8-1.0,5.1171875
SPY_5m_strategy_135,52acf43d5a97,bollinger_bands,SPY_5m,1m,,37,1.0,traces/signals/bollinger_bands/SPY_5m_strategy_135.parquet,-0.11121081780921216,-1.413537236555,-0.12518737976335237,1283,0.6445830085736555,-8.975207476040357e-05,0.12830000000000003,0.8453444935065989,0.0007610864394231212,-0.0016328298186853486,0.8-1.0,5.01171875
SPY_5m_strategy_186,a2ae0926bfd8,bollinger_bands,SPY_5m,1m,,47,1.5,traces/signals/bollinger_bands/SPY_5m_strategy_186.parquet,-0.0926718053072978,-1.4168328361963367,-0.10288770686019877,970,0.6247422680412371,-9.832549559909643e-05,0.09700000000000003,0.8239308514961058,0.0007365000069565414,-0.001488172348754911,0.8-1.0,3.7890625
SPY_5m_strategy_140,4be6b887eb6a,bollinger_bands,SPY_5m,1m,,38,1.0,traces/signals/bollinger_bands/SPY_5m_strategy_140.parquet,-0.11153151778128523,-1.4327037018958089,-0.1227323416399293,1258,0.6414944356120826,-9.186494220071698e-05,0.12580000000000002,0.8432910896072268,0.0007706208108142292,-0.001635159848371585,0.8-1.0,4.9140625
SPY_5m_strategy_61,fdd85de572ee,bollinger_bands,SPY_5m,1m,,22,1.5,traces/signals/bollinger_bands/SPY_5m_strategy_61.parquet,-0.08689904241864532,-1.4405993286984595,-0.0843911682574453,1315,0.5901140684410646,-6.792771035879134e-05,0.13150000000000003,0.8534899238450226,0.0006705665904068713,-0.00113114028437392,0.8-1.0,5.13671875
SPY_5m_strategy_115,d758885db870,bollinger_bands,SPY_5m,1m,,33,1.0,traces/signals/bollinger_bands/SPY_5m_strategy_115.parquet,-0.11154480232036235,-1.4407805808616139,-0.1269779554742072,1286,0.6477449455676516,-8.989799774381756e-05,0.12860000000000005,0.845876838793051,0.0007617022027990431,-0.0016558648124285922,0.8-1.0,5.0234375
SPY_5m_strategy_67,046228e4e54b,bollinger_bands,SPY_5m,1m,,23,2.0,traces/signals/bollinger_bands/SPY_5m_strategy_67.parquet,-0.05891052971582533,-1.4434305288932172,-0.06030123469640292,791,0.5600505689001264,-7.585994710928662e-05,0.07910000000000002,0.8299614342854271,0.0006611435606244513,-0.0010140569411496482,0.8-1.0,3.08984375
SPY_5m_strategy_95,569295355819,bollinger_bands,SPY_5m,1m,,29,1.0,traces/signals/bollinger_bands/SPY_5m_strategy_95.parquet,-0.11362980807603829,-1.4436691444942418,-0.1309489075365018,1343,0.6388682055100521,-8.776232937515258e-05,0.13430000000000003,0.8480580742019767,0.0007667341964260558,-0.0015994283482152285,0.8-1.0,5.24609375
SPY_5m_strategy_80,aee7e28d2d29,bollinger_bands,SPY_5m,1m,,26,1.0,traces/signals/bollinger_bands/SPY_5m_strategy_80.parquet,-0.11478719658549208,-1.4633089891209896,-0.1318259194673005,1373,0.6314639475600874,-8.680623532142471e-05,0.1373,0.8480269439189622,0.0007670884006739009,-0.0015499023803964198,0.8-1.0,5.36328125
SPY_5m_strategy_82,f69c71178b53,bollinger_bands,SPY_5m,1m,,26,2.0,traces/signals/bollinger_bands/SPY_5m_strategy_82.parquet,-0.06563116341607045,-1.5172892212872662,-0.06660269411317177,760,0.5723684210526315,-8.826066235806297e-05,0.07600000000000001,0.8151148708632776,0.0006798425662479741,-0.0011163372914153743,0.8-1.0,2.96875
SPY_5m_strategy_176,37ac1f916597,bollinger_bands,SPY_5m,1m,,45,1.5,traces/signals/bollinger_bands/SPY_5m_strategy_176.parquet,-0.10002412464570887,-1.5352057278184847,-0.11258069499466339,1005,0.6228855721393035,-0.00010299064359848954,0.10050000000000003,0.8133343125524107,0.0007204338348780786,-0.0014630532386547732,0.8-1.0,3.92578125
SPY_5m_strategy_197,92f6b1f7f323,bollinger_bands,SPY_5m,1m,,49,2.0,traces/signals/bollinger_bands/SPY_5m_strategy_197.parquet,-0.08103942249366547,-1.5632179335136378,-0.08152975669314444,628,0.5955414012738853,-0.00013270092694210941,0.06280000000000001,0.7654517966598794,0.0007271897257573814,-0.0013988391320980528,0.5-0.8,2.453125
SPY_5m_strategy_191,f4f89ea896e0,bollinger_bands,SPY_5m,1m,,48,1.5,traces/signals/bollinger_bands/SPY_5m_strategy_191.parquet,-0.1024145319137798,-1.5684422368259112,-0.11210962531081625,952,0.6207983193277311,-0.00011150187125538097,0.09520000000000003,0.8036006989506561,0.0007349063354398956,-0.0014971729243216094,0.8-1.0,3.71875
SPY_5m_strategy_161,ab7c0e7f655a,bollinger_bands,SPY_5m,1m,,42,1.5,traces/signals/bollinger_bands/SPY_5m_strategy_161.parquet,-0.1049550550871503,-1.5892510959758155,-0.11980517152528936,1021,0.6229187071498531,-0.00010669614088559309,0.10210000000000002,0.8098384190688988,0.0007294456433692225,-0.0014879589325377041,0.8-1.0,3.98828125
SPY_5m_strategy_46,77ecf32f66e5,bollinger_bands,SPY_5m,1m,,19,1.5,traces/signals/bollinger_bands/SPY_5m_strategy_46.parquet,-0.09024061627840263,-1.5932105073531857,-0.09305430052131414,1402,0.5920114122681883,-6.645225070979199e-05,0.14020000000000005,0.848818128287866,0.0006302234293434718,-0.001077362765472395,0.8-1.0,5.4765625
SPY_5m_strategy_41,7b6de378abb1,bollinger_bands,SPY_5m,1m,,18,1.5,traces/signals/bollinger_bands/SPY_5m_strategy_41.parquet,-0.08957788631300034,-1.5949739380770596,-0.09557774908391936,1411,0.5960311835577604,-6.552958229884296e-05,0.14110000000000003,0.851156821205895,0.0006287081136054581,-0.0010898346739751888,0.8-1.0,5.51171875
SPY_5m_strategy_87,8c513a0e511c,bollinger_bands,SPY_5m,1m,,27,2.0,traces/signals/bollinger_bands/SPY_5m_strategy_87.parquet,-0.06994491814953652,-1.5976164734902183,-0.0713870932762386,762,0.5669291338582677,-9.40694637592412e-05,0.07620000000000002,0.8085765200108121,0.0007008834603223837,-0.0011347351098297321,0.8-1.0,2.9765625
SPY_5m_strategy_175,ed91ff086529,bollinger_bands,SPY_5m,1m,,45,1.0,traces/signals/bollinger_bands/SPY_5m_strategy_175.parquet,-0.12338839602944707,-1.6035496549095691,-0.13235642105652112,1166,0.6492281303602059,-0.0001106462865194103,0.11660000000000002,0.821451933101313,0.0007840910870932906,-0.0017666760953820378,0.8-1.0,4.5546875
SPY_5m_strategy_171,f4f9192e7ee6,bollinger_bands,SPY_5m,1m,,44,1.5,traces/signals/bollinger_bands/SPY_5m_strategy_171.parquet,-0.10538864844814788,-1.6096685823413635,-0.11909503628439444,1022,0.6291585127201565,-0.00010709539292942049,0.10220000000000003,0.8054302066101495,0.0007046333705269325,-0.001484249996893629,0.8-1.0,3.9921875
SPY_5m_strategy_0,572097140686,bollinger_bands,SPY_5m,1m,,10,1.0,traces/signals/bollinger_bands/SPY_5m_strategy_0.parquet,-0.0995960006372113,-1.627633226898514,-0.10891931089668982,1530,0.6,-6.748624524367756e-05,0.15300000000000002,0.8613617903692007,0.0006988221739542123,-0.0012169488740405123,0.8-1.0,5.9765625
SPY_5m_strategy_181,bca709053121,bollinger_bands,SPY_5m,1m,,46,1.5,traces/signals/bollinger_bands/SPY_5m_strategy_181.parquet,-0.10672925092930519,-1.63909552502572,-0.1143038752562543,972,0.6162551440329218,-0.00011416382680788762,0.09720000000000004,0.8001844723584137,0.0007418717709559401,-0.0014888697867556965,0.8-1.0,3.796875
SPY_5m_strategy_2,5edc43651004,bollinger_bands,SPY_5m,1m,,10,2.0,traces/signals/bollinger_bands/SPY_5m_strategy_2.parquet,-0.052462262803865234,-1.6418995747621614,-0.057125142066401735,718,0.48746518105849584,-7.444527245336588e-05,0.07180000000000002,0.8040156810121507,0.0006265225666813125,-0.0007411266411955871,0.8-1.0,2.8046875
SPY_5m_strategy_97,ba3731f3d147,bollinger_bands,SPY_5m,1m,,29,2.0,traces/signals/bollinger_bands/SPY_5m_strategy_97.parquet,-0.0743112071489953,-1.6425370703553175,-0.07539679894336593,756,0.58994708994709,-0.00010096016835824562,0.07560000000000001,0.7988305452363852,0.0006795628466251309,-0.0012239061834633618,0.5-0.8,2.953125
SPY_5m_strategy_165,cf7e04d7a203,bollinger_bands,SPY_5m,1m,,43,1.0,traces/signals/bollinger_bands/SPY_5m_strategy_165.parquet,-0.12723500079290417,-1.6504718943887877,-0.13481519085809812,1171,0.6379163108454312,-0.00011390814747544392,0.11710000000000002,0.8162119660495568,0.0007930066104302917,-0.0017117037233140868,0.8-1.0,4.57421875
SPY_5m_strategy_192,430f9f4d0cc9,bollinger_bands,SPY_5m,1m,,48,2.0,traces/signals/bollinger_bands/SPY_5m_strategy_192.parquet,-0.085577771785451,-1.6513279284295619,-0.08580781019376638,636,0.5911949685534591,-0.00013880490520161727,0.06360000000000002,0.7560964381027385,0.0007278353318515333,-0.0013921000172477118,0.5-0.8,2.484375
SPY_5m_strategy_81,8722b4247191,bollinger_bands,SPY_5m,1m,,26,1.5,traces/signals/bollinger_bands/SPY_5m_strategy_81.parquet,-0.10538804808446456,-1.6763369274592712,-0.10629460566722937,1254,0.5917065390749602,-8.740069891430016e-05,0.1254,0.8220742114721457,0.0006824654376621982,-0.0012031051390310223,0.8-1.0,4.8984375
SPY_5m_strategy_156,e2b1b30f7db7,bollinger_bands,SPY_5m,1m,,41,1.5,traces/signals/bollinger_bands/SPY_5m_strategy_156.parquet,-0.1122136032087947,-1.684023640807052,-0.12639032235029657,1038,0.6204238921001927,-0.00011274083944716507,0.10380000000000003,0.8006753786694354,0.0007299418710957819,-0.0014901207013498499,0.8-1.0,4.0546875
SPY_5m_strategy_170,eda5c120abc6,bollinger_bands,SPY_5m,1m,,44,1.0,traces/signals/bollinger_bands/SPY_5m_strategy_170.parquet,-0.1288227799005348,-1.6846567115649551,-0.13419629916636577,1174,0.637137989778535,-0.00011519842255464185,0.11740000000000003,0.8121863011675718,0.0007818823787422487,-0.0016903543835172575,0.8-1.0,4.5859375
SPY_5m_strategy_202,26929cd65e11,bollinger_bands,SPY_5m,1m,,50,2.0,traces/signals/bollinger_bands/SPY_5m_strategy_202.parquet,-0.09368414274328496,-1.6989220326643983,-0.09359081469317698,611,0.5891980360065466,-0.0001587778632751744,0.061100000000000015,0.7339982552983071,0.000743599698681822,-0.0014530245656836156,0.5-0.8,2.38671875
SPY_5m_strategy_86,bff1964a1e5d,bollinger_bands,SPY_5m,1m,,27,1.5,traces/signals/bollinger_bands/SPY_5m_strategy_86.parquet,-0.10755929826536215,-1.701461808967395,-0.10812605646862539,1239,0.5980629539951574,-9.040000965048933e-05,0.12390000000000002,0.8170494336297757,0.0006750503242697785,-0.001229353217351129,0.8-1.0,4.83984375
SPY_5m_strategy_75,b018a6fd2f3b,bollinger_bands,SPY_5m,1m,,25,1.0,traces/signals/bollinger_bands/SPY_5m_strategy_75.parquet,-0.1339438098817921,-1.7248760566876489,-0.1513322679984288,1395,0.6279569892473118,-0.0001011039107600939,0.13950000000000004,0.8257805552000379,0.0007631432776529106,-0.001559833269237535,0.8-1.0,5.44921875
SPY_5m_strategy_51,a08c8bbd5d2c,bollinger_bands,SPY_5m,1m,,20,1.5,traces/signals/bollinger_bands/SPY_5m_strategy_51.parquet,-0.09984916163272672,-1.7464487346758406,-0.09859651669009739,1357,0.5910095799557848,-7.644624603580854e-05,0.13570000000000002,0.8318846908304572,0.0006400553199330366,-0.0011118232837061034,0.8-1.0,5.30078125
SPY_5m_strategy_131,cb821ff2857a,bollinger_bands,SPY_5m,1m,,36,1.5,traces/signals/bollinger_bands/SPY_5m_strategy_131.parquet,-0.11716220023854884,-1.7538836126045168,-0.1304271760728598,1120,0.6285714285714286,-0.00010945640512275262,0.11200000000000002,0.7952780383171877,0.0006764584079861371,-0.001439466088845489,0.5-0.8,4.375
SPY_5m_strategy_166,d46c03425876,bollinger_bands,SPY_5m,1m,,43,1.5,traces/signals/bollinger_bands/SPY_5m_strategy_166.parquet,-0.11609021418012977,-1.7707562450139318,-0.12884774586711656,1017,0.6312684365781711,-0.00011942130186175001,0.10170000000000003,0.7875614142563092,0.0007013240866333259,-0.00152453740696532,0.5-0.8,3.97265625
SPY_5m_strategy_66,ede5e6f58198,bollinger_bands,SPY_5m,1m,,23,1.5,traces/signals/bollinger_bands/SPY_5m_strategy_66.parquet,-0.10572115164912355,-1.7732257675615166,-0.10507524347768282,1287,0.585081585081585,-8.55838100823898e-05,0.12870000000000004,0.821767413125978,0.000674430174178386,-0.001157288922719776,0.8-1.0,5.02734375
SPY_5m_strategy_146,ae25ec524428,bollinger_bands,SPY_5m,1m,,39,1.5,traces/signals/bollinger_bands/SPY_5m_strategy_146.parquet,-0.11917683001474422,-1.7787575967075857,-0.13413335738437937,1071,0.6171802054154996,-0.00011658112049072833,0.10710000000000003,0.7929724282067979,0.0007235126606649167,-0.0014709762164514144,0.5-0.8,4.18359375
SPY_5m_strategy_71,b3bc478985c8,bollinger_bands,SPY_5m,1m,,24,1.5,traces/signals/bollinger_bands/SPY_5m_strategy_71.parquet,-0.10599698095563148,-1.7832407510795842,-0.10576124826022637,1266,0.5781990521327014,-8.72538720731152e-05,0.12660000000000002,0.8182516997727595,0.0006793974174486162,-0.0011381691228781853,0.8-1.0,4.9453125
SPY_5m_strategy_91,00c46ab7a34d,bollinger_bands,SPY_5m,1m,,28,1.5,traces/signals/bollinger_bands/SPY_5m_strategy_91.parquet,-0.11357814512041697,-1.80295132940459,-0.1164507858748065,1221,0.5995085995085995,-9.727238551764531e-05,0.12210000000000001,0.8072503806596343,0.0006795303821267125,-0.0012600937064085856,0.8-1.0,4.76953125
SPY_5m_strategy_180,8c6ec2c9aca8,bollinger_bands,SPY_5m,1m,,46,1.0,traces/signals/bollinger_bands/SPY_5m_strategy_180.parquet,-0.13949619654277945,-1.8196494165117607,-0.14809619476773872,1142,0.6523642732049036,-0.00012917370588385528,0.11420000000000002,0.7961315093613156,0.0007732477334582864,-0.001822634593314323,0.5-0.8,4.4609375
SPY_5m_strategy_172,f4a6baef696d,bollinger_bands,SPY_5m,1m,,44,2.0,traces/signals/bollinger_bands/SPY_5m_strategy_172.parquet,-0.09479850269987422,-1.8359045567175531,-0.09437266752201645,667,0.5847076461769115,-0.00014753750036708757,0.06670000000000001,0.7405412900874111,0.0007201859956921226,-0.0013692420616056868,0.5-0.8,2.60546875
SPY_5m_strategy_126,d7fe20354dcb,bollinger_bands,SPY_5m,1m,,35,1.5,traces/signals/bollinger_bands/SPY_5m_strategy_126.parquet,-0.12219213812878804,-1.8371441038020164,-0.13650208749454773,1115,0.6242152466367713,-0.00011507397944961286,0.11150000000000002,0.7853590033280177,0.0006745254033374518,-0.0014266758181603455,0.5-0.8,4.35546875
SPY_5m_strategy_92,cb819834437d,bollinger_bands,SPY_5m,1m,,28,2.0,traces/signals/bollinger_bands/SPY_5m_strategy_92.parquet,-0.0825963148218356,-1.83734469519432,-0.08319003907506162,749,0.5727636849132176,-0.00011390745214944316,0.07490000000000002,0.777190287243642,0.0006936971480560332,-0.0011966023692999098,0.5-0.8,2.92578125
SPY_5m_strategy_167,0b782f99e318,bollinger_bands,SPY_5m,1m,,43,2.0,traces/signals/bollinger_bands/SPY_5m_strategy_167.parquet,-0.09451708519253188,-1.8385299618270527,-0.09446620330580568,675,0.5822222222222222,-0.00014534438799593217,0.0675,0.7401404406523335,0.0007110250911447712,-0.001338795470628189,0.5-0.8,2.63671875
SPY_5m_strategy_76,9998eed964f5,bollinger_bands,SPY_5m,1m,,25,1.5,traces/signals/bollinger_bands/SPY_5m_strategy_76.parquet,-0.11339643350020123,-1.8445580227715614,-0.11147460148098787,1258,0.5786963434022258,-9.431487125310824e-05,0.12580000000000002,0.8056508354609337,0.0006756061928009665,-0.0011518668233877621,0.8-1.0,4.9140625
SPY_5m_strategy_70,c249cef528fb,bollinger_bands,SPY_5m,1m,,24,1.0,traces/signals/bollinger_bands/SPY_5m_strategy_70.parquet,-0.14254637049241992,-1.8475805030739234,-0.15477344039517027,1412,0.6288951841359773,-0.00010695776649182177,0.14120000000000005,0.8171476028388771,0.000760035554480561,-0.0015762136234068519,0.8-1.0,5.515625
SPY_5m_strategy_136,911d853b7980,bollinger_bands,SPY_5m,1m,,37,1.5,traces/signals/bollinger_bands/SPY_5m_strategy_136.parquet,-0.12403593670673185,-1.8623475662513962,-0.13613667373823268,1103,0.6174070716228468,-0.00011822268414435669,0.11030000000000002,0.7835519182929945,0.000693175577541209,-0.0014276118220776983,0.5-0.8,4.30859375
SPY_5m_strategy_5,84ad2d3299c8,bollinger_bands,SPY_5m,1m,,11,1.0,traces/signals/bollinger_bands/SPY_5m_strategy_5.parquet,-0.11905570722769365,-1.864029476747728,-0.13039001865806044,1552,0.6024484536082474,-8.048245439583837e-05,0.15520000000000006,0.8388838739197344,0.000695575302199349,-0.0012565181147143154,0.8-1.0,6.0625
SPY_5m_strategy_112,d55aece22ad2,bollinger_bands,SPY_5m,1m,,32,2.0,traces/signals/bollinger_bands/SPY_5m_strategy_112.parquet,-0.09121178332698088,-1.870506927006607,-0.09702441907336157,733,0.5866302864938608,-0.0001290398958797795,0.07330000000000002,0.7556484855469817,0.0006802433490441451,-0.0012775276692041611,0.5-0.8,2.86328125
SPY_5m_strategy_151,07cc89a7abb6,bollinger_bands,SPY_5m,1m,,40,1.5,traces/signals/bollinger_bands/SPY_5m_strategy_151.parquet,-0.12524319416932483,-1.8724116271645268,-0.13918448471624612,1051,0.6241674595623216,-0.00012536425432514847,0.10510000000000003,0.7800969363343936,0.0007125082393188709,-0.0015168689526301527,0.5-0.8,4.10546875
SPY_5m_strategy_96,e39754500c70,bollinger_bands,SPY_5m,1m,,29,1.5,traces/signals/bollinger_bands/SPY_5m_strategy_96.parquet,-0.11940204507452412,-1.8807731015897102,-0.12177796612788905,1206,0.6019900497512438,-0.00010391312988063914,0.12060000000000003,0.7985371956541643,0.0006841973510229862,-0.0012959302322473724,0.5-0.8,4.7109375
SPY_5m_strategy_107,11129fcb7fa5,bollinger_bands,SPY_5m,1m,,31,2.0,traces/signals/bollinger_bands/SPY_5m_strategy_107.parquet,-0.08920487951298983,-1.8838360079996042,-0.0907638620376815,747,0.5917001338688086,-0.0001237495894044918,0.07470000000000002,0.760959707890488,0.0006657829208856471,-0.0012679245715298733,0.5-0.8,2.91796875
SPY_5m_strategy_102,1941bec06c3a,bollinger_bands,SPY_5m,1m,,30,2.0,traces/signals/bollinger_bands/SPY_5m_strategy_102.parquet,-0.08584064012694348,-1.88732981731434,-0.0873310720022612,750,0.58,-0.00011844587979216459,0.07500000000000002,0.7698307041964582,0.0006830300394328121,-0.0012252459587218944,0.5-0.8,2.9296875
SPY_5m_strategy_141,bd9099be5311,bollinger_bands,SPY_5m,1m,,38,1.5,traces/signals/bollinger_bands/SPY_5m_strategy_141.parquet,-0.12664105177104046,-1.893861423817985,-0.14017642189517,1086,0.6187845303867403,-0.00012279444456660734,0.10860000000000002,0.7808048912000352,0.0007068885343625623,-0.0014695262364516361,0.5-0.8,4.2421875
SPY_5m_strategy_185,558bc0157961,bollinger_bands,SPY_5m,1m,,47,1.0,traces/signals/bollinger_bands/SPY_5m_strategy_185.parquet,-0.14621005621734817,-1.9153661844489025,-0.15730905161801367,1119,0.6523681858802503,-0.00013882531942377896,0.11190000000000003,0.7845807686653098,0.0007750488828231452,-0.0018538077555169785,0.5-0.8,4.37109375
SPY_5m_strategy_190,35ec37dfc29d,bollinger_bands,SPY_5m,1m,,48,1.0,traces/signals/bollinger_bands/SPY_5m_strategy_190.parquet,-0.1462308631540976,-1.9177878120059146,-0.157349046109741,1112,0.6519784172661871,-0.00013972626296307136,0.11120000000000002,0.7836482166274977,0.000776256937750022,-0.001855715463265378,0.5-0.8,4.34375
SPY_5m_strategy_157,67715670cb1e,bollinger_bands,SPY_5m,1m,,41,2.0,traces/signals/bollinger_bands/SPY_5m_strategy_157.parquet,-0.09873584604223629,-1.9199370227740031,-0.09637223689952734,657,0.5859969558599696,-0.00015642222247184935,0.06570000000000002,0.7312227818290483,0.0007262068668666301,-0.0014057317790722706,0.5-0.8,2.56640625
SPY_5m_strategy_162,c57589d57999,bollinger_bands,SPY_5m,1m,,42,2.0,traces/signals/bollinger_bands/SPY_5m_strategy_162.parquet,-0.09915269084743916,-1.9201280123143056,-0.09990985022181365,659,0.582701062215478,-0.0001566338250878095,0.06590000000000001,0.7285408896524521,0.0007214217876519483,-0.0013827187534225988,0.5-0.8,2.57421875
SPY_5m_strategy_121,22cfbee2a806,bollinger_bands,SPY_5m,1m,,34,1.5,traces/signals/bollinger_bands/SPY_5m_strategy_121.parquet,-0.12854360099112316,-1.922822858671533,-0.14434440379366242,1127,0.6220053238686779,-0.00012025855777611298,0.11270000000000002,0.7781642049327968,0.0006782058231924944,-0.0014341635602620139,0.5-0.8,4.40234375
SPY_5m_strategy_60,89ba5ecaeb7e,bollinger_bands,SPY_5m,1m,,22,1.0,traces/signals/bollinger_bands/SPY_5m_strategy_60.parquet,-0.14843593847747183,-1.9288981926100248,-0.15932576613575533,1447,0.6219765031098825,-0.00010912812629497683,0.14470000000000005,0.8100339679970625,0.0007481522732712105,-0.0015196443230217932,0.8-1.0,5.65234375
SPY_5m_strategy_106,9fd39ed6212b,bollinger_bands,SPY_5m,1m,,31,1.5,traces/signals/bollinger_bands/SPY_5m_strategy_106.parquet,-0.12996474571092198,-1.942421235188641,-0.1377818512423179,1172,0.606655290102389,-0.00011702728455766965,0.11720000000000003,0.7797997635222159,0.0006831411666479903,-0.0013511265661351624,0.5-0.8,4.578125
SPY_5m_strategy_101,13aea1255ea7,bollinger_bands,SPY_5m,1m,,30,1.5,traces/signals/bollinger_bands/SPY_5m_strategy_101.parquet,-0.12522870663504126,-1.959328870286494,-0.13077959745200007,1204,0.6013289036544851,-0.00010956686199185021,0.12040000000000002,0.789805911962635,0.0006846475017151447,-0.0013075068605832342,0.5-0.8,4.703125
SPY_5m_strategy_200,62d9cb196ebd,bollinger_bands,SPY_5m,1m,,50,1.0,traces/signals/bollinger_bands/SPY_5m_strategy_200.parquet,-0.15001776052674032,-1.9839982926284785,-0.1607936484559137,1095,0.6520547945205479,-0.00014598192192224587,0.10950000000000001,0.777063151325451,0.0007803500123777377,-0.0018819425547048918,0.5-0.8,4.27734375
SPY_5m_strategy_50,31784fac0618,bollinger_bands,SPY_5m,1m,,20,1.0,traces/signals/bollinger_bands/SPY_5m_strategy_50.parquet,-0.1509077289246058,-1.9960362108092122,-0.1565732344251035,1487,0.6281102891728312,-0.0001082037626893914,0.14870000000000005,0.8069742299393459,0.0007201962039220863,-0.0015073458401127552,0.8-1.0,5.80859375
SPY_5m_strategy_195,fc33d53291ae,bollinger_bands,SPY_5m,1m,,49,1.0,traces/signals/bollinger_bands/SPY_5m_strategy_195.parquet,-0.1515160611841635,-2.008844891918971,-0.16309430167933447,1101,0.6521344232515894,-0.00014679551749406734,0.11010000000000003,0.7749365468861049,0.0007750626953733899,-0.0018749787990576033,0.5-0.8,4.30078125
SPY_5m_strategy_111,fff5e7d20b65,bollinger_bands,SPY_5m,1m,,32,1.5,traces/signals/bollinger_bands/SPY_5m_strategy_111.parquet,-0.13386251287123507,-2.0181249306729163,-0.14245567700834383,1167,0.6135389888603257,-0.00012139648824947458,0.11670000000000003,0.7721993768607855,0.00067071573729527,-0.0013789405092916854,0.5-0.8,4.55859375
SPY_5m_strategy_177,86aa81d899d3,bollinger_bands,SPY_5m,1m,,45,2.0,traces/signals/bollinger_bands/SPY_5m_strategy_177.parquet,-0.10425326767853438,-2.0301481286168728,-0.10349221640761319,660,0.5787878787878787,-0.0001650057671049512,0.06600000000000002,0.7144134759577948,0.000713167631401573,-0.0013717044657721893,0.5-0.8,2.578125
SPY_5m_strategy_55,af0897a3cbf3,bollinger_bands,SPY_5m,1m,,21,1.0,traces/signals/bollinger_bands/SPY_5m_strategy_55.parquet,-0.15598856586367527,-2.051231543528515,-0.1637082684996921,1478,0.6224627875507442,-0.00011288992497420798,0.14780000000000004,0.8005491006513674,0.0007279369524695291,-0.0014991994720140612,0.8-1.0,5.7734375
SPY_5m_strategy_187,93f8f292c3b3,bollinger_bands,SPY_5m,1m,,47,2.0,traces/signals/bollinger_bands/SPY_5m_strategy_187.parquet,-0.10655830736105276,-2.0705827739420917,-0.10718335087515718,641,0.5865834633385335,-0.00017390180852152652,0.06410000000000002,0.705975238813537,0.0007118358331992287,-0.0014306465379064473,0.5-0.8,2.50390625
SPY_5m_strategy_116,e8078f937503,bollinger_bands,SPY_5m,1m,,33,1.5,traces/signals/bollinger_bands/SPY_5m_strategy_116.parquet,-0.13915406902906757,-2.0747915648773025,-0.14905922992011467,1145,0.6192139737991267,-0.00012902889874695986,0.11450000000000002,0.7649457924238788,0.0006781236213414462,-0.0014415773775145744,0.5-0.8,4.47265625
SPY_5m_strategy_65,e8fc96c15ce2,bollinger_bands,SPY_5m,1m,,23,1.0,traces/signals/bollinger_bands/SPY_5m_strategy_65.parquet,-0.1611505221976064,-2.1073727752622955,-0.1702587405019308,1424,0.6264044943820225,-0.00012144370870104844,0.14240000000000003,0.7935230350080501,0.0007450888884442404,-0.0015743517475236004,0.5-0.8,5.5625
SPY_5m_strategy_182,907aba3382bd,bollinger_bands,SPY_5m,1m,,46,2.0,traces/signals/bollinger_bands/SPY_5m_strategy_182.parquet,-0.1080147427355086,-2.1135854024377365,-0.10672565905240161,641,0.5772230889235569,-0.00017646837807858698,0.06410000000000002,0.7002610250638667,0.0007142330407512776,-0.001392555186075081,0.5-0.8,2.50390625
SPY_5m_strategy_10,4067c07319e8,bollinger_bands,SPY_5m,1m,,12,1.0,traces/signals/bollinger_bands/SPY_5m_strategy_10.parquet,-0.14318308626506926,-2.17006168371117,-0.15423549503602618,1569,0.6080305927342257,-9.718906136045709e-05,0.15690000000000004,0.8085523615066968,0.000675071996498528,-0.0012951354828197607,0.8-1.0,6.12890625
SPY_5m_strategy_137,ea707c55ba0f,bollinger_bands,SPY_5m,1m,,37,2.0,traces/signals/bollinger_bands/SPY_5m_strategy_137.parquet,-0.1053951547768851,-2.1793929489448973,-0.10327954104986803,694,0.5835734870317003,-0.0001589505742662768,0.06940000000000002,0.7172611270627223,0.0006909686133435514,-0.0013500137956572128,0.5-0.8,2.7109375
SPY_5m_strategy_122,05f08270acc6,bollinger_bands,SPY_5m,1m,,34,2.0,traces/signals/bollinger_bands/SPY_5m_strategy_122.parquet,-0.10791391115774318,-2.1862568497773465,-0.11105916995195753,709,0.6022566995768688,-0.00015949756946320468,0.07090000000000002,0.7131922375767155,0.000658549062550999,-0.001398171015810953,0.5-0.8,2.76953125
SPY_5m_strategy_117,702487ba1156,bollinger_bands,SPY_5m,1m,,33,2.0,traces/signals/bollinger_bands/SPY_5m_strategy_117.parquet,-0.10588756277161615,-2.187326028641089,-0.10673308045309482,724,0.5939226519337016,-0.00015312096396952727,0.07240000000000002,0.7184167088471489,0.0006577703741123028,-0.001339118499259279,0.5-0.8,2.828125
SPY_5m_strategy_20,b515bfeac94d,bollinger_bands,SPY_5m,1m,,14,1.0,traces/signals/bollinger_bands/SPY_5m_strategy_20.parquet,-0.15006420054214198,-2.1895023999043683,-0.15509213550922984,1576,0.6040609137055838,-0.00010176219229838138,0.15760000000000005,0.8041215765402319,0.0006915774673736035,-0.0013121137243620508,0.8-1.0,6.15625
SPY_5m_strategy_132,4b493028d443,bollinger_bands,SPY_5m,1m,,36,2.0,traces/signals/bollinger_bands/SPY_5m_strategy_132.parquet,-0.1080852204420526,-2.209854069598133,-0.10656194722703172,703,0.5889046941678521,-0.00016115984389865912,0.0703,0.7128588976110578,0.0006793913814176725,-0.0013652712877774181,0.5-0.8,2.74609375
SPY_5m_strategy_45,6060c4146778,bollinger_bands,SPY_5m,1m,,19,1.0,traces/signals/bollinger_bands/SPY_5m_strategy_45.parquet,-0.16542627841533952,-2.2383873138446746,-0.17141145855711049,1503,0.6254158349966733,-0.00011856917748027066,0.15030000000000004,0.785821366123463,0.0006955856644796113,-0.0014779040823511217,0.5-0.8,5.87109375
SPY_5m_strategy_152,8938d657206d,bollinger_bands,SPY_5m,1m,,40,2.0,traces/signals/bollinger_bands/SPY_5m_strategy_152.parquet,-0.10863624185597598,-2.257865499563471,-0.10588274881882831,663,0.5686274509803921,-0.00017186482403015415,0.06630000000000001,0.7012848143488456,0.000709571738211513,-0.0013337584742578062,0.5-0.8,2.58984375
SPY_5m_strategy_25,db8d4e8f6787,bollinger_bands,SPY_5m,1m,,15,1.0,traces/signals/bollinger_bands/SPY_5m_strategy_25.parquet,-0.16315710467475064,-2.2638820301451106,-0.16843488522173633,1565,0.607667731629393,-0.00011222170510688798,0.15650000000000006,0.7889007837291643,0.0006901547075186481,-0.0013549903832939965,0.5-0.8,6.11328125
SPY_5m_strategy_142,2da25874102c,bollinger_bands,SPY_5m,1m,,38,2.0,traces/signals/bollinger_bands/SPY_5m_strategy_142.parquet,-0.10932875530952624,-2.2761010091796745,-0.10657740150112227,676,0.5769230769230769,-0.0001697133301403561,0.06760000000000001,0.7019861916408695,0.0006929313753947672,-0.0013460470195064333,0.5-0.8,2.640625
SPY_5m_strategy_147,b62de6c472a8,bollinger_bands,SPY_5m,1m,,39,2.0,traces/signals/bollinger_bands/SPY_5m_strategy_147.parquet,-0.10993402355443749,-2.281840690177144,-0.10718453946743822,675,0.5822222222222222,-0.0001709612604309431,0.0675,0.6996114341427704,0.0006838839868615164,-0.0013622881476151156,0.5-0.8,2.63671875
SPY_5m_strategy_15,7755af75d5bf,bollinger_bands,SPY_5m,1m,,13,1.0,traces/signals/bollinger_bands/SPY_5m_strategy_15.parquet,-0.1572176069109794,-2.3013666159834547,-0.1672846527044688,1567,0.6062539885130823,-0.00010773543304887338,0.15670000000000006,0.794052062800138,0.000685165496664159,-0.0013285715484903332,0.5-0.8,6.12109375
SPY_5m_strategy_127,6b1245c82ce5,bollinger_bands,SPY_5m,1m,,35,2.0,traces/signals/bollinger_bands/SPY_5m_strategy_127.parquet,-0.11461436138977887,-2.339940143710127,-0.11367266004756749,698,0.5902578796561605,-0.00017282134663162448,0.06980000000000001,0.6979498149024862,0.0006765512201993346,-0.001396393016332167,0.5-0.8,2.7265625
SPY_5m_strategy_40,8bfd000951c8,bollinger_bands,SPY_5m,1m,,18,1.0,traces/signals/bollinger_bands/SPY_5m_strategy_40.parquet,-0.18819052393652302,-2.6039336616019013,-0.19185441638258127,1517,0.6110744891232696,-0.00013572640357763693,0.15170000000000003,0.7552799334389565,0.0006855017256239165,-0.0014260289048824502,0.5-0.8,5.92578125
SPY_5m_strategy_35,3bc725799b6e,bollinger_bands,SPY_5m,1m,,17,1.0,traces/signals/bollinger_bands/SPY_5m_strategy_35.parquet,-0.18923293103886207,-2.6164561137159725,-0.19396457194601346,1532,0.608355091383812,-0.00013523142949227655,0.15320000000000003,0.7555146171557031,0.0006869268058135918,-0.001412317221667392,0.5-0.8,5.984375
SPY_5m_strategy_30,0c2036dd8361,bollinger_bands,SPY_5m,1m,,16,1.0,traces/signals/bollinger_bands/SPY_5m_strategy_30.parquet,-0.1896103508210203,-2.6450163383024807,-0.19369866813374148,1534,0.6121251629726207,-0.00013538679618473382,0.15340000000000004,0.755764337060126,0.0006844053469260739,-0.0014291428001864958,0.5-0.8,5.9921875
